Id,Property Name,Store ID,Address,City,State,State Code,Zip Code,DMA Name,DMA Code,CBSA Name,CBSA Code,lat,lng,Category Group,Category,Sub Category,Visits,Ranking
86117bf4aabea20afea47efd,Academy Sports + Outdoors,29,5001 S Padre Island Dr,Corpus Christi,Texas,TX,78411,"Corpus Christi, TX",600,"Corpus Christi, TX Metro Area",18580,27.711090087890625,-97.38196564,Apparel,Recreational & Sporting Goods,Sporting Goods Shop,665713,1
c22bdd011b7b381aea68484a,Academy Sports + Outdoors,71,4400 Soncy Rd,Amarillo,Texas,TX,79119,"Amarillo, TX",634,"Amarillo, TX Metro Area",11100,35.16257858276367,-101.9398575,Apparel,Recreational & Sporting Goods,Sporting Goods Shop,577726,2
ad94d6257be11527ece5f425,Academy Sports + Outdoors,20,2511 Earl Rudder Fwy,College Station,Texas,TX,77845,"Waco-Temple-Bryan, TX",625,"College Station-Bryan, TX Metro Area",17780,30.614154815673828,-96.28962708,Apparel,Recreational & Sporting Goods,Sporting Goods Shop,539939,3
57766ca74f0990836ca0bdc4,Academy Sports + Outdoors,117,610 El Camino Alto Dr,Springfield,Missouri,MO,65810,"Springfield, MO",619,"Springfield, MO Metro Area",44180,37.13145828,-93.30005646,Apparel,Recreational & Sporting Goods,Sporting Goods Shop,536238,4
ed02cef88ac29f0690dfc146,Academy Sports + Outdoors,175,2907 Watson Blvd,Warner Robins,Georgia,GA,31093,"Macon, GA",503,"Warner Robins, GA Metro Area",47580,32.61634063720703,-83.68412018,Apparel,Recreational & Sporting Goods,Sporting Goods Shop,535911,5
f815133ca052fc9349aeafd1,Academy Sports + Outdoors,32,21351 Gulf Fwy,Webster,Texas,TX,77598,"Houston, TX",618,"Houston-The Woodlands-Sugar Land, TX Metro Area",26420,29.519367218017578,-95.11960602,Apparel,Recreational & Sporting Goods,Sporting Goods Shop,531028,6
d20dff7a7d75182250f88890,Academy Sports + Outdoors,131,3901 W Expy,Mcallen,Texas,TX,78503,"Harlingen-Weslaco-Brownsville-McAllen, TX",636,"McAllen-Edinburg-Mission, TX Metro Area",32580,26.193113327026367,-98.26634979,Apparel,Recreational & Sporting Goods,Sporting Goods Shop,510638,7
8d6b837f844ec3b087d557bf,Academy Sports + Outdoors,54,4232 Ambassador Caffery Pkwy,Lafayette,Louisiana,LA,70508,"Lafayette, LA",642,"Lafayette, LA Metro Area",29180,30.159473419189453,-92.0546875,Apparel,Recreational & Sporting Goods,Sporting Goods Shop,487046,8
be46946222824631bfc4f567,Academy Sports + Outdoors,130,651 E Trenton Rd,Edinburg,Texas,TX,78539,"Harlingen-Weslaco-Brownsville-McAllen, TX",636,"McAllen-Edinburg-Mission, TX Metro Area",32580,26.26319122314453,-98.16381073,Apparel,Recreational & Sporting Goods,Sporting Goods Shop,486926,9
822b971a9ba0ba03bcf9b597,Academy Sports + Outdoors,155,2800 Parkwood Rd,Jonesboro,Arkansas,AR,72401,"Jonesboro, AR",734,"Jonesboro, AR Metro Area",27860,35.81855392456055,-90.67188263,Apparel,Recreational & Sporting Goods,Sporting Goods Shop,483178,10
69f93ead19dfd4fce542f122,Academy Sports + Outdoors,48,8668 S Broadway Ave,Tyler,Texas,TX,75703,"Tyler-Longview(Lufkin & Nacogdoches), TX",709,"Tyler, TX Metro Area",46340,32.25495529174805,-95.30632019,Apparel,Recreational & Sporting Goods,Sporting Goods Shop,478640,11
99b2351aa83c6736123d86ab,Academy Sports + Outdoors,33,23155 Katy Fwy,Katy,Texas,TX,77450,"Houston, TX",618,"Houston-The Woodlands-Sugar Land, TX Metro Area",26420,29.783567428588867,-95.77295685,Apparel,Recreational & Sporting Goods,Sporting Goods Shop,473070,12
cf6b23f6ba062fe22a019d94,Academy Sports + Outdoors,241,848 Barnes Crossing Rd,Tupelo,Mississippi,MS,38804,"Columbus-Tupelo-West Point, MS",673,"Tupelo, MS Micro Area",46180,34.31763458251953,-88.70578766,Apparel,Recreational & Sporting Goods,Sporting Goods Shop,470434,13
9ede079c7f7d96298c64d2ef,Academy Sports + Outdoors,40,7903 I-35,San Antonio,Texas,TX,78224,"San Antonio, TX",641,"San Antonio-New Braunfels, TX Metro Area",41700,29.353437423706055,-98.53853607,Apparel,Recreational & Sporting Goods,Sporting Goods Shop,461810,14
d60e31050d40a2031ca8c991,Academy Sports + Outdoors,37,7130 Eastex Fwy,Beaumont,Texas,TX,77708,"Beaumont-Port Arthur, TX",692,"Beaumont-Port Arthur, TX Metro Area",13140,30.13513946533203,-94.16638184,Apparel,Recreational & Sporting Goods,Sporting Goods Shop,460804,15
b9e865b9fef98948034d4b7a,Academy Sports + Outdoors,102,1101 Walton Drive,Texarkana,Texas,TX,75501,"Shreveport, LA",612,"Texarkana, TX-AR Metro Area",45500,33.44859313964844,-94.10469818,Apparel,Recreational & Sporting Goods,Sporting Goods Shop,452400,16
b06852b51a8fec6475e8e683,Academy Sports + Outdoors,166,4627 East Sam Houston Pkwy S,Pasadena,Texas,TX,77505,"Houston, TX",618,"Houston-The Woodlands-Sugar Land, TX Metro Area",26420,29.639842987060547,-95.15696716,Apparel,Recreational & Sporting Goods,Sporting Goods Shop,446509,17
d46e74053d72fac09ff2780e,Academy Sports + Outdoors,62,111 Constitution Dr,West Monroe,Louisiana,LA,71292,"Monroe, LA-El Dorado, AR",628,"Monroe, LA Metro Area",33740,32.50385665893555,-92.16068268,Apparel,Recreational & Sporting Goods,Sporting Goods Shop,441147,18
5e553d5151ecac57665d286a,Academy Sports + Outdoors,70,3518 S Clack St,Abilene,Texas,TX,79606,"Abilene-Sweetwater, TX",662,"Abilene, TX Metro Area",10180,32.407169342041016,-99.77259064,Apparel,Recreational & Sporting Goods,Sporting Goods Shop,439115,19
955d25096a863f39180f5fec,Academy Sports + Outdoors,49,5802 19th Street,Lubbock,Texas,TX,79407,"Lubbock, TX",651,"Lubbock, TX Metro Area",31180,33.579444885253906,-101.9409256,Apparel,Recreational & Sporting Goods,Sporting Goods Shop,438228,20
2b1498241faac73e223a2980,Academy Sports + Outdoors,144,2162 US Hwy 70 SE,Hickory,North Carolina,NC,28602,"Charlotte, NC",517,"Hickory-Lenoir-Morganton, NC Metro Area",25860,35.70358657836914,-81.30007935,Apparel,Recreational & Sporting Goods,Sporting Goods Shop,436473,21
af735499d550180288ca0b8c,Academy Sports + Outdoors,138,3939 N Hwy 75,Sherman,Texas,TX,75090,"Sherman, TX-Ada, OK",657,"Sherman-Denison, TX Metro Area",43300,33.67877197265625,-96.60488892,Apparel,Recreational & Sporting Goods,Sporting Goods Shop,432076,22
d5ab213512892cec80bf6a44,Academy Sports + Outdoors,30,4305 Old Hwy 77,Brownsville,Texas,TX,78520,"Harlingen-Weslaco-Brownsville-McAllen, TX",636,"Brownsville-Harlingen, TX Metro Area",15180,25.966787338256836,-97.51503754,Apparel,Recreational & Sporting Goods,Sporting Goods Shop,430422,23
f85ebcdbf6a674e6cb0f035b,Academy Sports + Outdoors,39,7523 Northwest Loop 410,San Antonio,Texas,TX,78245,"San Antonio, TX",641,"San Antonio-New Braunfels, TX Metro Area",41700,29.445146560668945,-98.63906097,Apparel,Recreational & Sporting Goods,Sporting Goods Shop,428613,24
2e63e11ab2c50752f6bb55f1,Academy Sports + Outdoors,128,8903 N Navarro St,Victoria,Texas,TX,77904,"Victoria, TX",626,"Victoria, TX Metro Area",47020,28.87705421447754,-96.99983215,Apparel,Recreational & Sporting Goods,Sporting Goods Shop,426165,25
f2a71b515632d4f83603a159,Academy Sports + Outdoors,266,21770 Market Pl Dr,New Caney,Texas,TX,77357,"Houston, TX",618,"Houston-The Woodlands-Sugar Land, TX Metro Area",26420,30.133358001708984,-95.23200226,Apparel,Recreational & Sporting Goods,Sporting Goods Shop,426076,26
98f397d1bd73ada65fa17c23,Academy Sports + Outdoors,191,4210 Washington Rd,Evans,Georgia,GA,30809,"Augusta, GA",520,"Augusta-Richmond County, GA-SC Metro Area",12260,33.52265167236328,-82.12244415,Apparel,Recreational & Sporting Goods,Sporting Goods Shop,422723,27
d806b1ec696c05f8f3d2eff2,Academy Sports + Outdoors,75,1101 West Arbrook Boulevard,Arlington,Texas,TX,76015,"Dallas-Ft. Worth, TX",623,"Dallas-Fort Worth-Arlington, TX Metro Area",19100,32.68269729614258,-97.12451172,Apparel,Recreational & Sporting Goods,Sporting Goods Shop,421839,28
e8237b7cb35f6b2a79247bb3,Academy Sports + Outdoors,24,210 North New Road,Waco,Texas,TX,76710,"Waco-Temple-Bryan, TX",625,"Waco, TX Metro Area",47380,31.5227108,-97.17216492,Apparel,Recreational & Sporting Goods,Sporting Goods Shop,420853,29
31688a5096c2b371cc912262,Academy Sports + Outdoors,108,6173 US-98,Hattiesburg,Mississippi,MS,39402,"Hattiesburg-Laurel, MS",710,"Hattiesburg, MS Metro Area",25620,31.323776245117188,-89.38738251,Apparel,Recreational & Sporting Goods,Sporting Goods Shop,420848,30
911e133d65fb5c43394d58a7,Academy Sports + Outdoors,69,445 Forest Sq,Longview,Texas,TX,75605,"Tyler-Longview(Lufkin & Nacogdoches), TX",709,"Longview, TX Metro Area",30980,32.53861999511719,-94.75714111,Apparel,Recreational & Sporting Goods,Sporting Goods Shop,420315,31
60532ea429782d061699b666,Academy Sports + Outdoors,80,1665 N Town E Blvd,Mesquite,Texas,TX,75150,"Dallas-Ft. Worth, TX",623,"Dallas-Fort Worth-Arlington, TX Metro Area",19100,32.813289642333984,-96.62408447,Apparel,Recreational & Sporting Goods,Sporting Goods Shop,420056,32
bbc88494b56dca44aa53afa8,Academy Sports + Outdoors,119,6425 Garth Rd,Baytown,Texas,TX,77521,"Houston, TX",618,"Houston-The Woodlands-Sugar Land, TX Metro Area",26420,29.794845581054688,-94.98273468,Apparel,Recreational & Sporting Goods,Sporting Goods Shop,419618,33
70de6387d3185f8707fa8025,Academy Sports + Outdoors,151,7205 Pinnacle Pkwy,Covington,Louisiana,LA,70433,"New Orleans, LA",622,"Slidell-Mandeville-Covington, LA",43640,30.44618797302246,-90.12768555,Apparel,Recreational & Sporting Goods,Sporting Goods Shop,419442,34
31ae2e023eb729e015dd4da9,Academy Sports + Outdoors,215,100 Peachwood Centre Drive,Spartanburg,South Carolina,SC,29301,"Greenville-Spartanburg, SC-Asheville, NC-Anderson,SC",567,"Spartanburg, SC Metro Area",43900,34.93388366699219,-81.99967957,Apparel,Recreational & Sporting Goods,Sporting Goods Shop,417188,35
6f7762598bff2cd02ba19f13,Academy Sports + Outdoors,170,455 Norman Dr,Valdosta,Georgia,GA,31601,"Tallahassee, FL-Thomasville, GA",530,"Valdosta, GA Metro Area",46660,30.83104133605957,-83.3184967,Apparel,Recreational & Sporting Goods,Sporting Goods Shop,413371,36
b15a7e2258165d2aff79f1f8,Academy Sports + Outdoors,171,8843 Veterans Memorial Blvd,Metairie,Louisiana,LA,70003,"New Orleans, LA",622,"New Orleans-Metairie, LA Metro Area",35380,30.00708770751953,-90.22512817,Apparel,Recreational & Sporting Goods,Sporting Goods Shop,409392,37
96cb95be3e23c03aa9bcf7d3,Academy Sports + Outdoors,100,6201 TX-191,Odessa,Texas,TX,79762,"Odessa-Midland, TX",633,"Odessa, TX Metro Area",36220,31.900117874145508,-102.3152542,Apparel,Recreational & Sporting Goods,Sporting Goods Shop,407784,38
ca5635e24c4e898fdb4cd8ac,Academy Sports + Outdoors,139,12700 South Fwy,Burleson,Texas,TX,76028,"Dallas-Ft. Worth, TX",623,"Dallas-Fort Worth-Arlington, TX Metro Area",19100,32.57304382324219,-97.32203674,Apparel,Recreational & Sporting Goods,Sporting Goods Shop,404943,39
c4f221db1dc8f37543f54ed9,Academy Sports + Outdoors,247,1650 N Hwy 77,Waxahachie,Texas,TX,75165,"Dallas-Ft. Worth, TX",623,"Dallas-Fort Worth-Arlington, TX Metro Area",19100,32.428863525390625,-96.83599854,Apparel,Recreational & Sporting Goods,Sporting Goods Shop,403184,40
5f9f6c4eaaf4137b87dc2180,Academy Sports + Outdoors,160,710 Skyland Boulevard,Tuscaloosa,Alabama,AL,35405,"Birmingham (Anniston and Tuscaloosa), AL",630,"Tuscaloosa, AL Metro Area",46220,33.16728591918945,-87.54613495,Apparel,Recreational & Sporting Goods,Sporting Goods Shop,401167,41
b2d0c7cb955102abeb23392d,Academy Sports + Outdoors,74,6101 Bryant Irvin Rd,Fort Worth,Texas,TX,76132,"Dallas-Ft. Worth, TX",623,"Dallas-Fort Worth-Arlington, TX Metro Area",19100,32.68135452270508,-97.41673279,Apparel,Recreational & Sporting Goods,Sporting Goods Shop,399194,42
d8790efde8a47b2cd87086ed,Academy Sports + Outdoors,255,1265 Interstate Dr,Cookeville,Tennessee,TN,38501,"Nashville, TN",659,"Cookeville, TN Micro Area",18260,36.14140319824219,-85.50811768,Apparel,Recreational & Sporting Goods,Sporting Goods Shop,396138,43
6572c09d34073b0ba18b9f80,Academy Sports + Outdoors,351,2833 W Expressway 83,Harlingen,Texas,TX,78552,"Harlingen-Weslaco-Brownsville-McAllen, TX",636,"Brownsville-Harlingen, TX Metro Area",15180,26.183082580566406,-97.72609711,Apparel,Recreational & Sporting Goods,Sporting Goods Shop,395965,44
7fb6a73c360d0ac8caa54183,Academy Sports + Outdoors,59,210 E Bert Kouns Industrial Loop,Shreveport,Louisiana,LA,71106,"Shreveport, LA",612,"Shreveport-Bossier City, LA Metro Area",43340,32.40063477,-93.7462616,Apparel,Recreational & Sporting Goods,Sporting Goods Shop,394132,45
f698230e89b13ab2ebb08d31,Academy Sports + Outdoors,38,1414 N Loop 336 W,Conroe,Texas,TX,77304,"Houston, TX",618,"Houston-The Woodlands-Sugar Land, TX Metro Area",26420,30.334712982177734,-95.48112488,Apparel,Recreational & Sporting Goods,Sporting Goods Shop,393898,46
bd42fdd48987399eeb32f871,Academy Sports + Outdoors,92,2220 Hamilton Pl Blvd,Chattanooga,Tennessee,TN,37421,"Chattanooga, TN",575,"Chattanooga, TN-GA Metro Area",16860,35.03852844238281,-85.15423584,Apparel,Recreational & Sporting Goods,Sporting Goods Shop,392966,47
25e66f85d552e58335aff735,Academy Sports + Outdoors,106,535 E Expressway 83,Weslaco,Texas,TX,78599,"Harlingen-Weslaco-Brownsville-McAllen, TX",636,"McAllen-Edinburg-Mission, TX Metro Area",32580,26.175241470336914,-97.98599243,Apparel,Recreational & Sporting Goods,Sporting Goods Shop,392325,48
14ae3a8ff4f8011636aec79b,Academy Sports + Outdoors,168,1717 S Rangeline Rd,Joplin,Missouri,MO,64804,"Joplin, MO-Pittsburg, KS",603,"Joplin, MO Metro Area",27900,37.07132339477539,-94.47573853,Apparel,Recreational & Sporting Goods,Sporting Goods Shop,391347,49
27c72d50f785d133afe7e414,Academy Sports + Outdoors,72,3201 Lawrence Rd,Wichita Falls,Texas,TX,76308,"Wichita Falls, TX-Lawton, OK",627,"Wichita Falls, TX Metro Area",48660,33.87486649,-98.53659058,Apparel,Recreational & Sporting Goods,Sporting Goods Shop,391201,50
16cade06eabc671a9573e5f6,Academy Sports + Outdoors,61,800 S Clearview Pkwy,Harahan,Louisiana,LA,70123,"New Orleans, LA",622,"New Orleans-Metairie, LA Metro Area",35380,29.952377319335938,-90.18138885,Apparel,Recreational & Sporting Goods,Sporting Goods Shop,389993,51
e0267dd283b85e45b88ba7b2,Academy Sports + Outdoors,307,6700 Whittlesey Blvd,Columbus,Georgia,GA,31909,"Columbus, GA",522,"Columbus, GA-AL Metro Area",17980,32.54911422729492,-84.93179321,Apparel,Recreational & Sporting Goods,Sporting Goods Shop,389972,52
644de3bb3e1c75f0cee2cd69,Academy Sports + Outdoors,96,5300 W Wadley Ave,Midland,Texas,TX,79707,"Odessa-Midland, TX",633,"Midland, TX Metro Area",33260,32.014034271240234,-102.1565018,Apparel,Recreational & Sporting Goods,Sporting Goods Shop,389886,53
69e77b83db7e115e089c2440,Academy Sports + Outdoors,43,5400 Brodie Ln,Sunset Valley,Texas,TX,78745,"Austin, TX",635,"Austin-Round Rock-Georgetown, TX Metro Area",12420,30.2277832,-97.82265472,Apparel,Recreational & Sporting Goods,Sporting Goods Shop,389306,54
5a252bfc370e6b12cac2d789,Academy Sports + Outdoors,127,4351 Sunset Dr,San Angelo,Texas,TX,76901,"San Angelo, TX",661,"San Angelo, TX Metro Area",41660,31.434226989746094,-100.5030899,Apparel,Recreational & Sporting Goods,Sporting Goods Shop,387244,55
a6153fcbbd93637e14f1c03a,Academy Sports + Outdoors,133,201 S Americas Ave,El Paso,Texas,TX,79907,"El Paso, TX",765,"El Paso, TX Metro Area",21340,31.68089485168457,-106.3167343,Apparel,Recreational & Sporting Goods,Sporting Goods Shop,386027,56
d649774b1f362bf47f73b591,Academy Sports + Outdoors,150,2801 Beene Blvd,Bossier City,Louisiana,LA,71111,"Shreveport, LA",612,"Shreveport-Bossier City, LA Metro Area",43340,32.561126708984375,-93.7062912,Apparel,Recreational & Sporting Goods,Sporting Goods Shop,385886,57
ebd5803cf4e3857f4c0636b4,Academy Sports + Outdoors,44,120 TX-332,Lake Jackson,Texas,TX,77566,"Houston, TX",618,"Houston-The Woodlands-Sugar Land, TX Metro Area",26420,29.050264358520508,-95.46344757,Apparel,Recreational & Sporting Goods,Sporting Goods Shop,383652,58
b980ac2525748b980ad9320d,Academy Sports + Outdoors,238,5075 Goodman Rd,Olive Branch,Mississippi,MS,38654,"Memphis, TN",640,"Memphis, TN-MS-AR Metro Area",32820,34.961090087890625,-89.89955139,Apparel,Recreational & Sporting Goods,Sporting Goods Shop,380468,59
11416bd13e8fb59db476d925,Academy Sports + Outdoors,83,2912 Brentwood Dr,Lufkin,Texas,TX,75901,"Tyler-Longview(Lufkin & Nacogdoches), TX",709,"Lufkin, TX Micro Area",31260,31.297039031982422,-94.72431946,Apparel,Recreational & Sporting Goods,Sporting Goods Shop,379129,60
dffb6155146e7a715d6df8e7,Academy Sports + Outdoors,178,270 Shirley Drive,Cape Girardeau,Missouri,MO,63701,"Paducah, KY-Cape Girardeau, MO-Harrisburg, IL",632,"Cape Girardeau, MO-IL Metro Area",16020,37.297950744628906,-89.58603668,Apparel,Recreational & Sporting Goods,Sporting Goods Shop,377772,61
2591e1febc14d06ba41708be,Academy Sports + Outdoors,154,3423 Clemson Blvd,Anderson,South Carolina,SC,29621,"Greenville-Spartanburg, SC-Asheville, NC-Anderson,SC",567,"Greenville-Anderson, SC Metro Area",24860,34.54672622680664,-82.67292023,Apparel,Recreational & Sporting Goods,Sporting Goods Shop,376388,62
26019934a3904683bcd575ea,Academy Sports + Outdoors,173,7171 N Davis Hwy,Pensacola,Florida,FL,32504,"Mobile, AL-Pensacola (Ft. Walton Beach), FL",686,"Pensacola-Ferry Pass-Brent, FL Metro Area",37860,30.499494552612305,-87.22515106,Apparel,Recreational & Sporting Goods,Sporting Goods Shop,375866,63
58a8b8bda9dcf02a15f38646,Academy Sports + Outdoors,21,9470 FM 1960,Humble,Texas,TX,77338,"Houston, TX",618,"Houston-The Woodlands-Sugar Land, TX Metro Area",26420,30.002464294433594,-95.28135681,Apparel,Recreational & Sporting Goods,Sporting Goods Shop,374984,64
3274c2facd3b8ae363071022,Academy Sports + Outdoors,115,23801 Brazos Town Crossing,Rosenberg,Texas,TX,77471,"Houston, TX",618,"Houston-The Woodlands-Sugar Land, TX Metro Area",26420,29.54311752319336,-95.74688721,Apparel,Recreational & Sporting Goods,Sporting Goods Shop,373462,65
57f4840854c114bd1a13e90e,Academy Sports + Outdoors,36,2727 Northeast Loop 410,San Antonio,Texas,TX,78217,"San Antonio, TX",641,"San Antonio-New Braunfels, TX Metro Area",41700,29.517423629760742,-98.40958405,Apparel,Recreational & Sporting Goods,Sporting Goods Shop,373026,66
449a379ab45af291224c13e1,Academy Sports + Outdoors,52,3205 S MacArthur Dr,Alexandria,Louisiana,LA,71301,"Alexandria, LA",644,"Alexandria, LA Metro Area",10780,31.26803207397461,-92.45316315,Apparel,Recreational & Sporting Goods,Sporting Goods Shop,372998,67
780b048dceaf0c4bb89af2b1,Academy Sports + Outdoors,142,145 Moss Grove Blvd,Knoxville,Tennessee,TN,37922,"Knoxville, TN",557,"Knoxville, TN Metro Area",28940,35.90762710571289,-84.09260559,Apparel,Recreational & Sporting Goods,Sporting Goods Shop,372800,68
100d8c12eff6ce4cea5523fc,Academy Sports + Outdoors,111,600 C M Fagan Dr,Hammond,Louisiana,LA,70403,"New Orleans, LA",622,"Hammond, LA Metro Area",25220,30.48403549194336,-90.46388245,Apparel,Recreational & Sporting Goods,Sporting Goods Shop,372686,69
e1106c2e48840d8d9653e5f7,Academy Sports + Outdoors,143,5001 Phoenix Ave,Fort Smith,Arkansas,AR,72903,"Ft. Smith-Fayetteville-Springdale-Rogers, AR",670,"Fort Smith, AR-OK Metro Area",22900,35.33942794799805,-94.37984467,Apparel,Recreational & Sporting Goods,Sporting Goods Shop,372001,70
bfedf941070b1ef60949c8b8,Academy Sports + Outdoors,219,59 Woodruff Industrial Ln,Greenville,South Carolina,SC,29607,"Greenville-Spartanburg, SC-Asheville, NC-Anderson,SC",567,"Greenville-Anderson, SC Metro Area",24860,34.828826904296875,-82.30583954,Apparel,Recreational & Sporting Goods,Sporting Goods Shop,371232,71
24748a3dc1c8fe5d4af0243d,Academy Sports + Outdoors,34,500 N Jackson Rd,Pharr,Texas,TX,78577,"Harlingen-Weslaco-Brownsville-McAllen, TX",636,"McAllen-Edinburg-Mission, TX Metro Area",32580,26.201274871826172,-98.20196533,Apparel,Recreational & Sporting Goods,Sporting Goods Shop,367907,72
99f5cfdde18cea4dd95e476f,Academy Sports + Outdoors,9,13400 East Fwy,Houston,Texas,TX,77015,"Houston, TX",618,"Houston-The Woodlands-Sugar Land, TX Metro Area",26420,29.76854705810547,-95.18830109,Apparel,Recreational & Sporting Goods,Sporting Goods Shop,366042,73
8be4410b93c6f13c4781f0e4,Academy Sports + Outdoors,203,6700 E Columbia St,Evansville,Indiana,IN,47715,"Evansville, IN",649,"Evansville, IN-KY Metro Area",21780,37.98454284667969,-87.47078705,Apparel,Recreational & Sporting Goods,Sporting Goods Shop,364963,74
a088a4118ba1071e78846e01,Academy Sports + Outdoors,198,115 Freedom Bend,Flowood,Mississippi,MS,39232,"Jackson, MS",718,"Jackson, MS Metro Area",27140,32.34410477,-90.06645203,Apparel,Recreational & Sporting Goods,Sporting Goods Shop,364275,75
c67312fa23cb43109362195a,Academy Sports + Outdoors,192,3505 Atlanta Hwy,Athens,Georgia,GA,30606,"Atlanta, GA",524,"Athens-Clarke County, GA Metro Area",12020,33.93702316,-83.45342255,Apparel,Recreational & Sporting Goods,Sporting Goods Shop,363374,76
b3c2d8b5389a97a7e1644d8f,Academy Sports + Outdoors,105,1360 Lake Woodlands Dr,The Woodlands,Texas,TX,77380,"Houston, TX",618,"Houston-The Woodlands-Sugar Land, TX Metro Area",26420,30.16979408,-95.45585632,Apparel,Recreational & Sporting Goods,Sporting Goods Shop,363341,77
f23a7ac615e5082a847def74,Academy Sports + Outdoors,121,550 Barnes Dr,San Marcos,Texas,TX,78666,"Austin, TX",635,"Austin-Round Rock-Georgetown, TX Metro Area",12420,29.84817886352539,-97.96854401,Apparel,Recreational & Sporting Goods,Sporting Goods Shop,362308,78
7ac711f79d9e32143d42c542,Academy Sports + Outdoors,283,326 W Interstate 20 Frontage Road,Weatherford,Texas,TX,76086,"Dallas-Ft. Worth, TX",623,"Dallas-Fort Worth-Arlington, TX Metro Area",19100,32.72889328,-97.80097198,Apparel,Recreational & Sporting Goods,Sporting Goods Shop,360675,79
a355778b67c3f9e35bd58c34,Academy Sports + Outdoors,58,15130 Crossroads Pkwy,Gulfport,Mississippi,MS,39503,"Biloxi-Gulfport, MS",746,"Gulfport-Biloxi, MS Metro Area",25060,30.436553955078125,-89.0896225,Apparel,Recreational & Sporting Goods,Sporting Goods Shop,359503,80
786d38aeab3923a450483e0a,Academy Sports + Outdoors,60,1777 Martin Luther King Blvd,Houma,Louisiana,LA,70360,"New Orleans, LA",622,"Houma-Thibodaux, LA Metro Area",26380,29.614383697509766,-90.75857544,Apparel,Recreational & Sporting Goods,Sporting Goods Shop,359361,81
461f6106aa1e5ddff9798ab5,Academy Sports + Outdoors,204,2010 24th Ave NW,Norman,Oklahoma,OK,73069,"Oklahoma City, OK",650,"Oklahoma City, OK Metro Area",36420,35.24335861206055,-97.48377991,Apparel,Recreational & Sporting Goods,Sporting Goods Shop,359251,82
f1865979fc250da643dd37d6,Academy Sports + Outdoors,294,1711 E Broad St,Mansfield,Texas,TX,76063,"Dallas-Ft. Worth, TX",623,"Dallas-Fort Worth-Arlington, TX Metro Area",19100,32.571678161621094,-97.11296844,Apparel,Recreational & Sporting Goods,Sporting Goods Shop,357730,83
f05d45d3515474a2945e6573,Academy Sports + Outdoors,47,2643 NW Loop 410,San Antonio,Texas,TX,78230,"San Antonio, TX",641,"San Antonio-New Braunfels, TX Metro Area",41700,29.51242446899414,-98.53783417,Apparel,Recreational & Sporting Goods,Sporting Goods Shop,357715,84
87863ec43f7ed9b43a6ac5be,Academy Sports + Outdoors,239,28616 US-290,Cypress,Texas,TX,77433,"Houston, TX",618,"Houston-The Woodlands-Sugar Land, TX Metro Area",26420,29.993288040161133,-95.74694824,Apparel,Recreational & Sporting Goods,Sporting Goods Shop,357029,85
fb31fde1acc4f651b52b6637,Academy Sports + Outdoors,101,661 Blanding Blvd,Orange Park,Florida,FL,32073,"Jacksonville, FL",561,"Jacksonville, FL Metro Area",27260,30.147987365722656,-81.75382996,Apparel,Recreational & Sporting Goods,Sporting Goods Shop,355696,86
5f72caa39d0d78484a870481,Academy Sports + Outdoors,272,4526 W Wendover Ave,Greensboro,North Carolina,NC,27409,"Greensboro-High Point-Winston Salem, NC",518,"Greensboro-High Point, NC Metro Area",24660,36.05459976196289,-79.90976715,Apparel,Recreational & Sporting Goods,Sporting Goods Shop,352680,87
73023c2989b56d0ba66eab37,Academy Sports + Outdoors,268,11445 Quaker Ave,Lubbock,Texas,TX,79423,"Lubbock, TX",651,"Lubbock, TX Metro Area",31180,33.48771286010742,-101.9020462,Apparel,Recreational & Sporting Goods,Sporting Goods Shop,351010,88
7b1e0e19ea5a0b88d977bfb7,Academy Sports + Outdoors,114,2500 E Central Texas Expressway,Killeen,Texas,TX,76543,"Waco-Temple-Bryan, TX",625,"Killeen-Temple, TX Metro Area",28660,31.08745574951172,-97.71747589,Apparel,Recreational & Sporting Goods,Sporting Goods Shop,348186,89
6da450d7fb43622c86872a8a,Academy Sports + Outdoors,159,12075 Lamey Brg Rd,D'iberville,Mississippi,MS,39540,"Biloxi-Gulfport, MS",746,"Gulfport-Biloxi, MS Metro Area",25060,30.460718154907227,-88.89268494,Apparel,Recreational & Sporting Goods,Sporting Goods Shop,347882,90
e4deda4cdf628ee9509a153b,Academy Sports + Outdoors,89,3855 S 26th St,Rogers,Arkansas,AR,72758,"Ft. Smith-Fayetteville-Springdale-Rogers, AR",670,"Fayetteville-Springdale-Rogers, AR Metro Area",22220,36.286312103271484,-94.15046692,Apparel,Recreational & Sporting Goods,Sporting Goods Shop,347490,91
4494177687946b139a950ae2,Academy Sports + Outdoors,157,1096 Bullsboro Dr,Newnan,Georgia,GA,30265,"Atlanta, GA",524,"Atlanta-Sandy Springs-Alpharetta, GA Metro Area",12060,33.400543212890625,-84.74351501,Apparel,Recreational & Sporting Goods,Sporting Goods Shop,342459,92
4a777a2d93a0b5348e10c180,Academy Sports + Outdoors,41,2024 TX-1604 Loop,San Antonio,Texas,TX,78232,"San Antonio, TX",641,"San Antonio-New Braunfels, TX Metro Area",41700,29.60540199279785,-98.4611969,Apparel,Recreational & Sporting Goods,Sporting Goods Shop,342170,93
fa7833049508fe85862578db,Academy Sports + Outdoors,51,10808 Industriplex Blvd,Baton Rouge,Louisiana,LA,70809,"Baton Rouge, LA",716,"Baton Rouge, LA Metro Area",12940,30.391082763671875,-91.06381989,Apparel,Recreational & Sporting Goods,Sporting Goods Shop,341604,94
c41dd685d80b47941929fa54,Academy Sports + Outdoors,182,3950 Montgomery Hwy,Dothan,Alabama,AL,36303,"Dothan, AL",606,"Dothan, AL Metro Area",20020,31.26114845275879,-85.436409,Apparel,Recreational & Sporting Goods,Sporting Goods Shop,341444,95
8369a49f40ea1f8caddd77c1,Academy Sports + Outdoors,250,11650 Bandera Rd,San Antonio,Texas,TX,78250,"San Antonio, TX",641,"San Antonio-New Braunfels, TX Metro Area",41700,29.55289649963379,-98.66357422,Apparel,Recreational & Sporting Goods,Sporting Goods Shop,341378,96
b4a9cae5795f9d4ef6c47054,Academy Sports + Outdoors,15,4523 Fort Crockett Blvd,Galveston,Texas,TX,77551,"Houston, TX",618,"Houston-The Woodlands-Sugar Land, TX Metro Area",26420,29.275009155273438,-94.81347656,Apparel,Recreational & Sporting Goods,Sporting Goods Shop,340997,97
84b2fde978d52cecd7d67053,Academy Sports + Outdoors,237,2900 Derek Dr,Lake Charles,Louisiana,LA,70607,"Lake Charles, LA",643,"Lake Charles, LA Metro Area",29340,30.19230079650879,-93.1725769,Apparel,Recreational & Sporting Goods,Sporting Goods Shop,339839,98
3a144b54db4d861af3e720c4,Academy Sports + Outdoors,46,15350 I-35 N,Selma,Texas,TX,78154,"San Antonio, TX",641,"San Antonio-New Braunfels, TX Metro Area",41700,29.57659339904785,-98.31705475,Apparel,Recreational & Sporting Goods,Sporting Goods Shop,338801,99
de995a9e430661eae983e52b,Academy Sports + Outdoors,10,9734 Katy Fwy,Houston,Texas,TX,77055,"Houston, TX",618,"Houston-The Woodlands-Sugar Land, TX Metro Area",26420,29.787681579589844,-95.53617859,Apparel,Recreational & Sporting Goods,Sporting Goods Shop,337911,100
ca374300331af5fad099159d,Academy Sports + Outdoors,55,91 Westbank Expy,Gretna,Louisiana,LA,70053,"New Orleans, LA",622,"New Orleans-Metairie, LA Metro Area",35380,29.91620635986328,-90.04973602,Apparel,Recreational & Sporting Goods,Sporting Goods Shop,336703,101
76385382ccc3d253a8f1119d,Academy Sports + Outdoors,123,1104 C-Bar Ranch Trail,Cedar Park,Texas,TX,78613,"Austin, TX",635,"Austin-Round Rock-Georgetown, TX Metro Area",12420,30.529014587402344,-97.81045532,Apparel,Recreational & Sporting Goods,Sporting Goods Shop,336530,102
9ee4f5b9560331139d74636f,Academy Sports + Outdoors,232,1507 Ring Rd,Elizabethtown,Kentucky,KY,42701,"Louisville, KY",529,"Elizabethtown-Fort Knox, KY Metro Area",21060,37.72531509399414,-85.88808441,Apparel,Recreational & Sporting Goods,Sporting Goods Shop,334267,103
37bfb8bb1783d3ba57b5c086,Academy Sports + Outdoors,35,11077 Northwest Fwy,Houston,Texas,TX,77092,"Houston, TX",618,"Houston-The Woodlands-Sugar Land, TX Metro Area",26420,29.81801986694336,-95.46950531,Apparel,Recreational & Sporting Goods,Sporting Goods Shop,333737,104
46a58e2880dde00c01083c82,Academy Sports + Outdoors,78,6375 E Nw Hwy,Dallas,Texas,TX,75231,"Dallas-Ft. Worth, TX",623,"Dallas-Fort Worth-Arlington, TX Metro Area",19100,32.85934066772461,-96.7507782,Apparel,Recreational & Sporting Goods,Sporting Goods Shop,333422,105
35a717045a4f479764a38fd1,Academy Sports + Outdoors,14,8453 Memorial Blvd,Port Arthur,Texas,TX,77640,"Beaumont-Port Arthur, TX",692,"Beaumont-Port Arthur, TX Metro Area",13140,29.941064834594727,-93.99198151,Apparel,Recreational & Sporting Goods,Sporting Goods Shop,333290,106
37a51dbe8cbd30c3f21a316d,Academy Sports + Outdoors,179,865 Shugart Rd,Dalton,Georgia,GA,30720,"Chattanooga, TN",575,"Dalton, GA Metro Area",19140,34.790164947509766,-84.99707794,Apparel,Recreational & Sporting Goods,Sporting Goods Shop,332875,107
f824432d4e5d6bed4493d170,Academy Sports + Outdoors,118,320 Peachtree Pkwy,Cumming,Georgia,GA,30041,"Atlanta, GA",524,"Atlanta-Sandy Springs-Alpharetta, GA Metro Area",12060,34.15589141845703,-84.1752243,Apparel,Recreational & Sporting Goods,Sporting Goods Shop,330754,108
50a3961ee2728ab2e959f6d7,Academy Sports + Outdoors,318,3467 Burke Mill Rd,Winston-Salem,North Carolina,NC,27103,"Greensboro-High Point-Winston Salem, NC",518,"Winston-Salem, NC Metro Area",49180,36.06020736694336,-80.30999756,Apparel,Recreational & Sporting Goods,Sporting Goods Shop,330157,109
3f525514f9eb4c8542fbfe53,Academy Sports + Outdoors,222,9997 Crossing Way,Denham Springs,Louisiana,LA,70726,"Baton Rouge, LA",716,"Baton Rouge, LA Metro Area",12940,30.465185165405273,-90.92681122,Apparel,Recreational & Sporting Goods,Sporting Goods Shop,329697,110
ade9b768ecc7bd51231e9b89,Academy Sports + Outdoors,172,7650 Farm to Market 1960 Rd W,Houston,Texas,TX,77070,"Houston, TX",618,"Houston-The Woodlands-Sugar Land, TX Metro Area",26420,29.96569061279297,-95.54386139,Apparel,Recreational & Sporting Goods,Sporting Goods Shop,329209,111
48f03db586138ccfa3cf9311,Academy Sports + Outdoors,196,120 Woody Jones Blvd,Florence,South Carolina,SC,29501,"Myrtle Beach-Florence, SC",570,"Florence, SC Metro Area",22500,34.18586349487305,-79.82459259,Apparel,Recreational & Sporting Goods,Sporting Goods Shop,329041,112
dc40d97dc35234adb953987b,Academy Sports + Outdoors,42,714 W Loop 1604 N,San Antonio,Texas,TX,78251,"San Antonio, TX",641,"San Antonio-New Braunfels, TX Metro Area",41700,29.439117431640625,-98.70913696,Apparel,Recreational & Sporting Goods,Sporting Goods Shop,328401,113
9441d292e3f79a93ecd922b6,Academy Sports + Outdoors,153,7460 Airport Blvd,Mobile,Alabama,AL,36608,"Mobile, AL-Pensacola (Ft. Walton Beach), FL",686,"Mobile, AL Metro Area",33660,30.688045501708984,-88.21803284,Apparel,Recreational & Sporting Goods,Sporting Goods Shop,328324,114
4f060e30a0183f6da5dd49d7,Academy Sports + Outdoors,273,193 Stonebrook Pl,Jackson,Tennessee,TN,38305,"Jackson, TN",639,"Jackson, TN Metro Area",27180,35.68297195,-88.8581543,Apparel,Recreational & Sporting Goods,Sporting Goods Shop,326085,115
f99c65f88b2438f80f0f5757,Academy Sports + Outdoors,45,1407 Marlandwood Road,Temple,Texas,TX,76502,"Waco-Temple-Bryan, TX",625,"Killeen-Temple, TX Metro Area",28660,31.0625,-97.36855316,Apparel,Recreational & Sporting Goods,Sporting Goods Shop,326041,116
16d28ab6fe071098fd0bfe1c,Academy Sports + Outdoors,205,2540 N Greenwich Rd,Wichita,Kansas,KS,67226,"Wichita-Hutchinson, KS Plus",678,"Wichita, KS Metro Area",48620,37.72838592529297,-97.20484924,Apparel,Recreational & Sporting Goods,Sporting Goods Shop,324307,117
b68da5cfe8adb011be834c40,Academy Sports + Outdoors,223,2600 W University Dr,Denton,Texas,TX,76201,"Dallas-Ft. Worth, TX",623,"Dallas-Fort Worth-Arlington, TX Metro Area",19100,33.232200622558594,-97.16183472,Apparel,Recreational & Sporting Goods,Sporting Goods Shop,322204,118
d7137156889b51e5a8d257ed,Academy Sports + Outdoors,31,14221 Farm To Market Road 2920,Tomball,Texas,TX,77377,"Houston, TX",618,"Houston-The Woodlands-Sugar Land, TX Metro Area",26420,30.086013793945312,-95.63780975,Apparel,Recreational & Sporting Goods,Sporting Goods Shop,319225,119
bf41f96c36e88b680135f814,Academy Sports + Outdoors,181,7926 Giacosa Place,Memphis,Tennessee,TN,38133,"Memphis, TN",640,"Memphis, TN-MS-AR Metro Area",32820,35.19739532470703,-89.79802704,Apparel,Recreational & Sporting Goods,Sporting Goods Shop,318019,120
bb9a82fd84c53b78adcba42a,Academy Sports + Outdoors,99,1951 Main St,Madison,Mississippi,MS,39110,"Jackson, MS",718,"Jackson, MS Metro Area",27140,32.465511322021484,-90.12493134,Apparel,Recreational & Sporting Goods,Sporting Goods Shop,317719,121
327d95bdeeaef9b5a93163e3,Academy Sports + Outdoors,180,3864 N. Steele Blvd,Fayetteville,Arkansas,AR,72703,"Ft. Smith-Fayetteville-Springdale-Rogers, AR",670,"Fayetteville-Springdale-Rogers, AR Metro Area",22220,36.12163162231445,-94.15445709,Apparel,Recreational & Sporting Goods,Sporting Goods Shop,316920,122
ace0be1cd5118afdefd2f8d7,Academy Sports + Outdoors,246,12324 NW 10th St,Yukon,Oklahoma,OK,73099,"Oklahoma City, OK",650,"Oklahoma City, OK Metro Area",36420,35.47590255737305,-97.7474823,Apparel,Recreational & Sporting Goods,Sporting Goods Shop,315509,123
ab2017fb810e31375bf4502e,Academy Sports + Outdoors,229,1260 S Amity Rd,Conway,Arkansas,AR,72032,"Little Rock-Pine Bluff, AR",693,"Little Rock-North Little Rock-Conway, AR Metro Area",30780,35.06262969970703,-92.41446686,Apparel,Recreational & Sporting Goods,Sporting Goods Shop,315405,124
e106040b0f6a56a4b632d4e0,Academy Sports + Outdoors,242,2410 S Mckenzie St,Foley,Alabama,AL,36535,"Mobile, AL-Pensacola (Ft. Walton Beach), FL",686,"Daphne-Fairhope-Foley, AL Metro Area",19300,30.38054084777832,-87.68643188,Apparel,Recreational & Sporting Goods,Sporting Goods Shop,315111,125
658b6c797ed36d8e9025e1a5,Academy Sports + Outdoors,120,10820 International Blvd,Laredo,Texas,TX,78045,"Laredo, TX",749,"Laredo, TX Metro Area",29700,27.61687660217285,-99.46727753,Apparel,Recreational & Sporting Goods,Sporting Goods Shop,312778,126
6572bbf1604b6f0ce9c467a0,Academy Sports + Outdoors,330,1600 Veterans Pkwy,Jeffersonville,Indiana,IN,47130,"Louisville, KY",529,"Louisville/Jefferson County, KY-IN Metro Area",31140,38.32585144042969,-85.74615479,Apparel,Recreational & Sporting Goods,Sporting Goods Shop,312720,127
a826b9be2c0083d4f8bca555,Academy Sports + Outdoors,167,1557 Cotton Exchange,Prattville,Alabama,AL,36066,"Montgomery-Selma, AL",698,"Montgomery, AL Metro Area",33860,32.454673767089844,-86.40641785,Apparel,Recreational & Sporting Goods,Sporting Goods Shop,312603,128
677dd02bde2268426f4a8bba,Academy Sports + Outdoors,18,10375 North Fwy,Houston,Texas,TX,77037,"Houston, TX",618,"Houston-The Woodlands-Sugar Land, TX Metro Area",26420,29.916372299194336,-95.41563416,Apparel,Recreational & Sporting Goods,Sporting Goods Shop,312536,129
83d9bc3703ca3c348e0489da,Academy Sports + Outdoors,113,3001 Louisiana Ave,Lafayette,Louisiana,LA,70501,"Lafayette, LA",642,"Lafayette, LA Metro Area",29180,30.262094497680664,-91.9954071,Apparel,Recreational & Sporting Goods,Sporting Goods Shop,312471,130
eab0c9367669a652bf36ef83,Academy Sports + Outdoors,136,237 Park Terrace Dr,Columbia,South Carolina,SC,29212,"Columbia, SC",546,"Columbia, SC Metro Area",17900,34.07122802734375,-81.15438843,Apparel,Recreational & Sporting Goods,Sporting Goods Shop,310547,131
e6771e884ed1dbc5abc5fae9,Academy Sports + Outdoors,213,281 Smither Dr,Huntsville,Texas,TX,77340,"Houston, TX",618,"Huntsville, TX Micro Area",26660,30.705562591552734,-95.56578064,Apparel,Recreational & Sporting Goods,Sporting Goods Shop,309282,132
5dd08c266802560d63ec9ae9,Academy Sports + Outdoors,280,3428 S Memorial Dr,Greenville,North Carolina,NC,27834,"Greenville-New Bern-Washington, NC",545,"Greenville, NC Metro Area",24780,35.569522857666016,-77.40378571,Apparel,Recreational & Sporting Goods,Sporting Goods Shop,309026,133
95a5eec4753e4bf3351b0d1a,Academy Sports + Outdoors,199,453 E Main St,Cartersville,Georgia,GA,30121,"Atlanta, GA",524,"Atlanta-Sandy Springs-Alpharetta, GA Metro Area",12060,34.16623306274414,-84.78527069,Apparel,Recreational & Sporting Goods,Sporting Goods Shop,307353,134
6ebd9aa51727908885492dae,Academy Sports + Outdoors,16,10414 Gulf Fwy,Houston,Texas,TX,77034,"Houston, TX",618,"Houston-The Woodlands-Sugar Land, TX Metro Area",26420,29.64064598083496,-95.24578857,Apparel,Recreational & Sporting Goods,Sporting Goods Shop,307009,135
9b4bfc1976249c5d6a22d115,Academy Sports + Outdoors,243,4428 S US Hwy 41,Terre Haute,Indiana,IN,47802,"Terre Haute, IN",581,"Terre Haute, IN Metro Area",45460,39.41305923461914,-87.41226196,Apparel,Recreational & Sporting Goods,Sporting Goods Shop,306646,136
d9b1a6c635d0418932f13d08,Academy Sports + Outdoors,227,20790 I-30,Benton,Arkansas,AR,72019,"Little Rock-Pine Bluff, AR",693,"Little Rock-North Little Rock-Conway, AR Metro Area",30780,34.61038589477539,-92.53192139,Apparel,Recreational & Sporting Goods,Sporting Goods Shop,305845,137
a2e8d7eee33cd245d271c6de,Academy Sports + Outdoors,207,3051 Highland Pointe Dr,Owensboro,Kentucky,KY,42303,"Evansville, IN",649,"Owensboro, KY Metro Area",36980,37.753807067871094,-87.06828308,Apparel,Recreational & Sporting Goods,Sporting Goods Shop,305718,138
eb19b81d814cff894cde1d72,Academy Sports + Outdoors,225,1133 SW Wanamaker Rd #300,Topeka,Kansas,KS,66604,"Topeka, KS",605,"Topeka, KS Metro Area",45820,39.045997619628906,-95.76420593,Apparel,Recreational & Sporting Goods,Sporting Goods Shop,305485,139
a28d0ff843c1babbbeeaedcb,Academy Sports + Outdoors,161,601 George Wallace Drive,Gadsden,Alabama,AL,35903,"Birmingham (Anniston and Tuscaloosa), AL",630,"Gadsden, AL Metro Area",23460,33.99984359741211,-85.99633026,Apparel,Recreational & Sporting Goods,Sporting Goods Shop,305037,140
926754241e5c9be92e763d39,Academy Sports + Outdoors,148,201 Rolling Hills Circle,Easley,South Carolina,SC,29640,"Greenville-Spartanburg, SC-Asheville, NC-Anderson,SC",567,"Greenville-Anderson, SC Metro Area",24860,34.829063415527344,-82.54543304,Apparel,Recreational & Sporting Goods,Sporting Goods Shop,304926,141
b04c563ebcaf5632cd26ae56,Academy Sports + Outdoors,208,130 S Hampton Pl,Clarksville,Tennessee,TN,37040,"Nashville, TN",659,"Clarksville, TN-KY Metro Area",17300,36.59067153930664,-87.29660797,Apparel,Recreational & Sporting Goods,Sporting Goods Shop,304231,142
eaeca6487d72219ed7d7a1e6,Academy Sports + Outdoors,162,2325 Bent Creek Rd,Auburn,Alabama,AL,36830,"Columbus, GA",522,"Auburn-Opelika, AL Metro Area",12220,32.609642028808594,-85.42719269,Apparel,Recreational & Sporting Goods,Sporting Goods Shop,302685,143
80b6b612614f32aed806d3ef,Academy Sports + Outdoors,279,113 Cox Creek Parkway South,Florence,Alabama,AL,35630,"Huntsville-Decatur (Florence), AL",691,"Florence-Muscle Shoals, AL Metro Area",22520,34.828895568847656,-87.62597656,Apparel,Recreational & Sporting Goods,Sporting Goods Shop,302604,144
73bae33fe2e0b95df6c587a8,Academy Sports + Outdoors,251,2100 Skibo Rd,Fayetteville,North Carolina,NC,28314,"Raleigh-Durham (Fayetteville), NC",560,"Fayetteville, NC Metro Area",22180,35.05270004272461,-78.97655487,Apparel,Recreational & Sporting Goods,Sporting Goods Shop,302359,145
1a3f9e8f95800eac6534070f,Academy Sports + Outdoors,158,1150 Genie Lane,Smyrna,Tennessee,TN,37167,"Nashville, TN",659,"Nashville-Davidson--Murfreesboro--Franklin, TN Metro Area",34980,35.98606491088867,-86.55534363,Apparel,Recreational & Sporting Goods,Sporting Goods Shop,301648,146
923b8c81aeff678aa2b23f2e,Academy Sports + Outdoors,197,1900 US-181,Portland,Texas,TX,78374,"Corpus Christi, TX",600,"Corpus Christi, TX Metro Area",18580,27.892925262451172,-97.30664063,Apparel,Recreational & Sporting Goods,Sporting Goods Shop,301479,147
24ebcbcaa5f575efbffbfdfa,Academy Sports + Outdoors,324,580 American Wy,Terrell,Texas,TX,75160,"Dallas-Ft. Worth, TX",623,"Dallas-Fort Worth-Arlington, TX Metro Area",19100,32.72095871,-96.32553864,Apparel,Recreational & Sporting Goods,Sporting Goods Shop,300505,148
60bc94a7328de9b1c7ca5717,Academy Sports + Outdoors,141,5836 N Tarrant Pkwy,Fort Worth,Texas,TX,76137,"Dallas-Ft. Worth, TX",623,"Dallas-Fort Worth-Arlington, TX Metro Area",19100,32.89334487915039,-97.26095581,Apparel,Recreational & Sporting Goods,Sporting Goods Shop,300017,149
aedcb29af86b1aa4cb31537e,Academy Sports + Outdoors,22,1351 N Interstate 35 Frontage Rd,Round Rock,Texas,TX,78664,"Austin, TX",635,"Austin-Round Rock-Georgetown, TX Metro Area",12420,30.499059677124023,-97.67740631,Apparel,Recreational & Sporting Goods,Sporting Goods Shop,300002,150
6f729e890a8bc53db919b363,Academy Sports + Outdoors,265,2900 Memorial Parkway S.W,Huntsville,Alabama,AL,35801,"Huntsville-Decatur (Florence), AL",691,"Huntsville, AL Metro Area",26620,34.70612335205078,-86.59099579,Apparel,Recreational & Sporting Goods,Sporting Goods Shop,297700,151
8b1ed0a9f567e3793eb092dd,Academy Sports + Outdoors,276,237 Samaria Dr,Jacksonville,North Carolina,NC,28546,"Greenville-New Bern-Washington, NC",545,"Jacksonville, NC Metro Area",27340,34.79668045043945,-77.41531372,Apparel,Recreational & Sporting Goods,Sporting Goods Shop,297386,152
78cb2118f529cfa679c66b55,Academy Sports + Outdoors,217,4901 Outer Loop Suite 144,Louisville,Kentucky,KY,40219,"Louisville, KY",529,"Louisville/Jefferson County, KY-IN Metro Area",31140,38.139991760253906,-85.66466522,Apparel,Recreational & Sporting Goods,Sporting Goods Shop,297166,153
f71ebffc4a72270d6d45047e,Academy Sports + Outdoors,110,198 S Point Blvd,Mcdonough,Georgia,GA,30253,"Atlanta, GA",524,"Atlanta-Sandy Springs-Alpharetta, GA Metro Area",12060,33.424922943115234,-84.18904114,Apparel,Recreational & Sporting Goods,Sporting Goods Shop,296795,154
818e449e21147c94b95c2574,Academy Sports + Outdoors,235,925 Hamilton Place,Johnson City,Tennessee,TN,37604,"Tri-Cities, TN-VA",531,"Johnson City, TN Metro Area",27740,36.334651947021484,-82.40750885,Apparel,Recreational & Sporting Goods,Sporting Goods Shop,296112,155
1c31d0e45393b52aff65d610,Academy Sports + Outdoors,335,820 W 23rd St,Panama City,Florida,FL,32405,"Panama City, FL",656,"Panama City, FL Metro Area",37460,30.191213607788086,-85.67318726,Apparel,Recreational & Sporting Goods,Sporting Goods Shop,295629,156
c6e641cf04aa376c8dde6b9b,Academy Sports + Outdoors,28,5929 TN-153,Hixson,Tennessee,TN,37343,"Chattanooga, TN",575,"Chattanooga, TN-GA Metro Area",16860,35.164554595947266,-85.25041199,Apparel,Recreational & Sporting Goods,Sporting Goods Shop,295470,157
aed3e62e0dac7a2619b6aaa5,Academy Sports + Outdoors,73,5720 San Bernardo Ave,Laredo,Texas,TX,78041,"Laredo, TX",749,"Laredo, TX Metro Area",29700,27.555383682250977,-99.50524902,Apparel,Recreational & Sporting Goods,Sporting Goods Shop,294686,158
f0361567621c8f0a91e3e068,Academy Sports + Outdoors,137,2468 Crosspointe Drive,Rock Hill,South Carolina,SC,29730,"Charlotte, NC",517,"Charlotte-Concord-Gastonia, NC-SC Metro Area",16740,34.94007110595703,-80.95742798,Apparel,Recreational & Sporting Goods,Sporting Goods Shop,293798,159
6921549446e6d7261821fbe3,Academy Sports + Outdoors,267,3204 I-30,Greenville,Texas,TX,75402,"Dallas-Ft. Worth, TX",623,"Dallas-Fort Worth-Arlington, TX Metro Area",19100,33.0964241,-96.11601257,Apparel,Recreational & Sporting Goods,Sporting Goods Shop,293702,160
57053707d953b19549d8cb64,Academy Sports + Outdoors,13,2804 Business Center Dr,Pearland,Texas,TX,77584,"Houston, TX",618,"Houston-The Woodlands-Sugar Land, TX Metro Area",26420,29.559267044067383,-95.39311218,Apparel,Recreational & Sporting Goods,Sporting Goods Shop,293628,161
39f6df33219a9551055eef73,Academy Sports + Outdoors,103,730 Fashion Dr,Columbia,South Carolina,SC,29229,"Columbia, SC",546,"Columbia, SC Metro Area",17900,34.126365661621094,-80.87767029,Apparel,Recreational & Sporting Goods,Sporting Goods Shop,292960,162
a5c8be4fad6d8480011f44a0,Academy Sports + Outdoors,112,3122-9 Mahan Dr,Tallahassee,Florida,FL,32308,"Tallahassee, FL-Thomasville, GA",530,"Tallahassee, FL Metro Area",45220,30.462942123413086,-84.2243576,Apparel,Recreational & Sporting Goods,Sporting Goods Shop,291736,163
db3fd0f333de5ead6fbf75e5,Academy Sports + Outdoors,12,16610 Southwest Fwy,Sugar Land,Texas,TX,77479,"Houston, TX",618,"Houston-The Woodlands-Sugar Land, TX Metro Area",26420,29.59349250793457,-95.63311005,Apparel,Recreational & Sporting Goods,Sporting Goods Shop,291084,164
3fb59c75f5249d93bc0c8161,Academy Sports + Outdoors,140,1720 W University Dr,Mckinney,Texas,TX,75069,"Dallas-Ft. Worth, TX",623,"Dallas-Fort Worth-Arlington, TX Metro Area",19100,33.21914291381836,-96.6330719,Apparel,Recreational & Sporting Goods,Sporting Goods Shop,290945,165
47d17fb7525692a517009c18,Academy Sports + Outdoors,90,1915 Mallory Lane,Franklin,Tennessee,TN,37067,"Nashville, TN",659,"Nashville-Davidson--Murfreesboro--Franklin, TN Metro Area",34980,35.95561218261719,-86.81913757,Apparel,Recreational & Sporting Goods,Sporting Goods Shop,289347,166
acf5a2df8e79dc0af494a1f8,Academy Sports + Outdoors,185,4920 North Garland Avenue,Garland,Texas,TX,75040,"Dallas-Ft. Worth, TX",623,"Dallas-Fort Worth-Arlington, TX Metro Area",19100,32.958961486816406,-96.64645386,Apparel,Recreational & Sporting Goods,Sporting Goods Shop,289256,167
3aa0f2db1dc2a938d87af591,Academy Sports + Outdoors,76,7441 NE Loop 820,North Richland Hills,Texas,TX,76180,"Dallas-Ft. Worth, TX",623,"Dallas-Fort Worth-Arlington, TX Metro Area",19100,32.83693313598633,-97.22093964,Apparel,Recreational & Sporting Goods,Sporting Goods Shop,288611,168
493c01537dee475d873ed224,Academy Sports + Outdoors,88,7700 S Walker Ave,Oklahoma City,Oklahoma,OK,73139,"Oklahoma City, OK",650,"Oklahoma City, OK Metro Area",36420,35.389774322509766,-97.5197525,Apparel,Recreational & Sporting Goods,Sporting Goods Shop,286760,169
7107ab7c6a49024fb400d784,Academy Sports + Outdoors,315,3580 E Franklin Blvd,Gastonia,North Carolina,NC,28056,"Charlotte, NC",517,"Charlotte-Concord-Gastonia, NC-SC Metro Area",16740,35.25959777832031,-81.11756134,Apparel,Recreational & Sporting Goods,Sporting Goods Shop,284728,170
61e2543163703f735d20becc,Academy Sports + Outdoors,64,2810 John Hawkins Parkway,Hoover,Alabama,AL,35244,"Birmingham (Anniston and Tuscaloosa), AL",630,"Birmingham-Hoover, AL Metro Area",13820,33.36476135253906,-86.82266235,Apparel,Recreational & Sporting Goods,Sporting Goods Shop,284673,171
33cf84415f88e89e92489a91,Academy Sports + Outdoors,163,8610 Eastchase Parkway,Montgomery,Alabama,AL,36117,"Montgomery-Selma, AL",698,"Montgomery, AL Metro Area",33860,32.36449432373047,-86.14415741,Apparel,Recreational & Sporting Goods,Sporting Goods Shop,284296,172
29e73dbdb8677f39af37bbef,Academy Sports + Outdoors,224,1140 Dawsonville Hwy,Gainesville,Georgia,GA,30501,"Atlanta, GA",524,"Gainesville, GA Metro Area",23580,34.304588317871094,-83.8568573,Apparel,Recreational & Sporting Goods,Sporting Goods Shop,283812,173
c6e73aecc78c931d8fd08f47,Academy Sports + Outdoors,65,3725 Airport Blvd,Mobile,Alabama,AL,36608,"Mobile, AL-Pensacola (Ft. Walton Beach), FL",686,"Mobile, AL Metro Area",33660,30.67131805419922,-88.13639832,Apparel,Recreational & Sporting Goods,Sporting Goods Shop,283288,174
99305e5011b931fef9255951,Academy Sports + Outdoors,94,6100 Warden Rd,Sherwood,Arkansas,AR,72120,"Little Rock-Pine Bluff, AR",693,"Little Rock-North Little Rock-Conway, AR Metro Area",30780,34.81358719,-92.20639801,Apparel,Recreational & Sporting Goods,Sporting Goods Shop,282807,175
8628b547d02ce991035d6e46,Academy Sports + Outdoors,124,4215 Jimmy Lee Smith Pkwy,Hiram,Georgia,GA,30141,"Atlanta, GA",524,"Atlanta-Sandy Springs-Alpharetta, GA Metro Area",12060,33.89444351196289,-84.7579422,Apparel,Recreational & Sporting Goods,Sporting Goods Shop,282196,176
184415ee1027c7e958c2d070,Academy Sports + Outdoors,132,2710 N Maize Rd,Wichita,Kansas,KS,67205,"Wichita-Hutchinson, KS Plus",678,"Wichita, KS Metro Area",48620,37.73241043,-97.46015167,Apparel,Recreational & Sporting Goods,Sporting Goods Shop,281293,177
5a900d6ee76f4e72329a2cb5,Academy Sports + Outdoors,287,5214 I-70 North Outer Rd,St Peters,Missouri,MO,63376,"St. Louis, MO",609,"St. Louis, MO-IL Metro Area",41180,38.80125427246094,-90.61457825,Apparel,Recreational & Sporting Goods,Sporting Goods Shop,279626,178
347cdde0df162e4ea40a0509,Academy Sports + Outdoors,244,8959 N Garnett Rd,Owasso,Oklahoma,OK,74055,"Tulsa, OK",671,"Tulsa, OK Metro Area",46140,36.285369873046875,-95.84635925,Apparel,Recreational & Sporting Goods,Sporting Goods Shop,279259,179
5f6af3c48c52e72c2c2cee91,Academy Sports + Outdoors,322,426 Talbert Rd,Mooresville,North Carolina,NC,28117,"Charlotte, NC",517,"Charlotte-Concord-Gastonia, NC-SC Metro Area",16740,35.58082580566406,-80.85487366,Apparel,Recreational & Sporting Goods,Sporting Goods Shop,279041,180
56818f80228b01e226e3d825,Academy Sports + Outdoors,104,11901 Atlantic Blvd,Jacksonville,Florida,FL,32225,"Jacksonville, FL",561,"Jacksonville, FL Metro Area",27260,30.323007583618164,-81.49327087,Apparel,Recreational & Sporting Goods,Sporting Goods Shop,276861,181
49225d57c3cf25661f289064,Academy Sports + Outdoors,233,150 Mcbride Ln,Paducah,Kentucky,KY,42001,"Paducah, KY-Cape Girardeau, MO-Harrisburg, IL",632,"Paducah, KY-IL Micro Area",37140,37.07539749145508,-88.68081665,Apparel,Recreational & Sporting Goods,Sporting Goods Shop,275076,182
4c9e08a44040fea0cff3b6b3,Academy Sports + Outdoors,230,3641 Lake Emma Rd,Lake Mary,Florida,FL,32746,"Orlando-Daytona Beach-Melbourne, FL",534,"Orlando-Kissimmee-Sanford, FL Metro Area",36740,28.752965927124023,-81.35559082,Apparel,Recreational & Sporting Goods,Sporting Goods Shop,274890,183
b02574983575d1194616b6cc,Academy Sports + Outdoors,164,1205 Wimberly Drive Southwest,Decatur,Alabama,AL,35603,"Huntsville-Decatur (Florence), AL",691,"Decatur, AL Metro Area",19460,34.557273864746094,-87.00408173,Apparel,Recreational & Sporting Goods,Sporting Goods Shop,274823,184
34db50145e1c9baf5d2f9142,Academy Sports + Outdoors,87,6120 E 41st St,Tulsa,Oklahoma,OK,74135,"Tulsa, OK",671,"Tulsa, OK Metro Area",46140,36.10307312011719,-95.9083252,Apparel,Recreational & Sporting Goods,Sporting Goods Shop,274245,185
c39813ede1122c541887d927,Academy Sports + Outdoors,26,7513 N Interstate Hwy 35,Austin,Texas,TX,78752,"Austin, TX",635,"Austin-Round Rock-Georgetown, TX Metro Area",12420,30.335895538330078,-97.69941711,Apparel,Recreational & Sporting Goods,Sporting Goods Shop,273871,186
363677f9b4436b83c44096cd,Academy Sports + Outdoors,262,2651 Trimble Rd,Columbia,Missouri,MO,65201,"Columbia-Jefferson City, MO",604,"Columbia, MO Metro Area",17860,38.950103759765625,-92.29760742,Apparel,Recreational & Sporting Goods,Sporting Goods Shop,273486,187
ddff1d873ee914cbc8205dd9,Academy Sports + Outdoors,297,3095 Oak Grove Rd,Poplar Bluff,Missouri,MO,63901,"Paducah, KY-Cape Girardeau, MO-Harrisburg, IL",632,"Poplar Bluff, MO Micro Area",38740,36.791053771972656,-90.44347382,Apparel,Recreational & Sporting Goods,Sporting Goods Shop,272255,188
6ed05e44c0d4f45a817d2ff3,Academy Sports + Outdoors,302,1511 Cornerstone Blvd,Daytona Beach,Florida,FL,32117,"Orlando-Daytona Beach-Melbourne, FL",534,"Deltona-Daytona Beach-Ormond Beach, FL Metro Area",19660,29.21770668029785,-81.09481812,Apparel,Recreational & Sporting Goods,Sporting Goods Shop,271722,189
dffa1a7039facd30dcbee1a5,Academy Sports + Outdoors,7,19720 Northwest Fwy,Houston,Texas,TX,77065,"Houston, TX",618,"Houston-The Woodlands-Sugar Land, TX Metro Area",26420,29.916637420654297,-95.61271667,Apparel,Recreational & Sporting Goods,Sporting Goods Shop,270708,190
257d96bd1b39ba3ed3466c67,Academy Sports + Outdoors,177,7506 Highway 72 West,Madison,Alabama,AL,35758,"Huntsville-Decatur (Florence), AL",691,"Huntsville, AL Metro Area",26620,34.75825500488281,-86.73099518,Apparel,Recreational & Sporting Goods,Sporting Goods Shop,269086,191
20933bb8e287d95621cdd445,Academy Sports + Outdoors,308,655 Huffman Mill Rd,Burlington,North Carolina,NC,27215,"Greensboro-High Point-Winston Salem, NC",518,"Burlington, NC Metro Area",15500,36.07461166381836,-79.49404144,Apparel,Recreational & Sporting Goods,Sporting Goods Shop,268331,192
9cbcc7a38ec03bdad91779a5,Academy Sports + Outdoors,277,21650 Kuykendahl Road,Spring,Texas,TX,77388,"Houston, TX",618,"Houston-The Woodlands-Sugar Land, TX Metro Area",26420,30.082935333251953,-95.51947021,Apparel,Recreational & Sporting Goods,Sporting Goods Shop,268252,193
61bb1fdf910fd170dd01fe1f,Academy Sports + Outdoors,319,1310 W University Ave,Georgetown,Texas,TX,78628,"Austin, TX",635,"Austin-Round Rock-Georgetown, TX Metro Area",12420,30.634248733520508,-97.70220184,Apparel,Recreational & Sporting Goods,Sporting Goods Shop,267416,194
d0b7060aae0bb0a03a8d226b,Academy Sports + Outdoors,275,5635 SE 15th St,Midwest City,Oklahoma,OK,73110,"Oklahoma City, OK",650,"Oklahoma City, OK Metro Area",36420,35.451908111572266,-97.42208862,Apparel,Recreational & Sporting Goods,Sporting Goods Shop,267355,195
91bb4dbde4616e79a3cea74d,Academy Sports + Outdoors,321,19150 W Bellfort,Richmond,Texas,TX,77407,"Houston, TX",618,"Houston-The Woodlands-Sugar Land, TX Metro Area",26420,29.66343879699707,-95.71585083,Apparel,Recreational & Sporting Goods,Sporting Goods Shop,266330,196
87d83ced12c7d9c664811bde,Academy Sports + Outdoors,278,10400 Canal Crossing Rd,Brunswick,Georgia,GA,31525,"Jacksonville, FL",561,"Brunswick, GA Metro Area",15260,31.233396530151367,-81.49404144,Apparel,Recreational & Sporting Goods,Sporting Goods Shop,266112,197
e35f3234ba512ce05d276aa3,Academy Sports + Outdoors,176,1461 Spring Cypress Rd,Spring,Texas,TX,77373,"Houston, TX",618,"Houston-The Woodlands-Sugar Land, TX Metro Area",26420,30.07304573059082,-95.43331909,Apparel,Recreational & Sporting Goods,Sporting Goods Shop,265969,198
37e79c04faf7f483968129ae,Academy Sports + Outdoors,183,321 Fabian Dr,Aiken,South Carolina,SC,29803,"Augusta, GA",520,"Augusta-Richmond County, GA-SC Metro Area",12260,33.519371032714844,-81.72315216,Apparel,Recreational & Sporting Goods,Sporting Goods Shop,265715,199
bc35042e675d5d9d16d06658,Academy Sports + Outdoors,129,801 S Mesa Hills Dr,El Paso,Texas,TX,79912,"El Paso, TX",765,"El Paso, TX Metro Area",21340,31.81766128540039,-106.5400925,Apparel,Recreational & Sporting Goods,Sporting Goods Shop,265711,200
b60273161ebe5451691deb20,Academy Sports + Outdoors,85,2501 S Broadway,Edmond,Oklahoma,OK,73013,"Oklahoma City, OK",650,"Oklahoma City, OK Metro Area",36420,35.630306243896484,-97.48545837,Apparel,Recreational & Sporting Goods,Sporting Goods Shop,265077,201
962402996eac7069df30e1ba,Academy Sports + Outdoors,258,269 S Stewart Rd,Liberty,Missouri,MO,64068,"Kansas City, MO",616,"Kansas City, MO-KS Metro Area",28140,39.24182129,-94.45591736,Apparel,Recreational & Sporting Goods,Sporting Goods Shop,263900,202
8cd308913d989bdbc2d518ea,Academy Sports + Outdoors,186,275 New Byhalia Rd,Collierville,Tennessee,TN,38017,"Memphis, TN",640,"Memphis, TN-MS-AR Metro Area",32820,35.048404693603516,-89.69100952,Apparel,Recreational & Sporting Goods,Sporting Goods Shop,263460,203
d0fb0982691ab4063d231088,Academy Sports + Outdoors,93,11400 West Markham Street,Little Rock,Arkansas,AR,72211,"Little Rock-Pine Bluff, AR",693,"Little Rock-North Little Rock-Conway, AR Metro Area",30780,34.75539779663086,-92.40236664,Apparel,Recreational & Sporting Goods,Sporting Goods Shop,261903,204
6049159e06109101d9e56192,Academy Sports + Outdoors,281,401 E Poyntz Ave,Manhattan,Kansas,KS,66502,"Topeka, KS",605,"Manhattan, KS Metro Area",31740,39.184391021728516,-96.5534668,Apparel,Recreational & Sporting Goods,Sporting Goods Shop,261389,205
c1c36a00b3f2a858e5d086b7,Academy Sports + Outdoors,260,1580 Crater Lake Dr,Kennesaw,Georgia,GA,30152,"Atlanta, GA",524,"Atlanta-Sandy Springs-Alpharetta, GA Metro Area",12060,33.99746322631836,-84.59252167,Apparel,Recreational & Sporting Goods,Sporting Goods Shop,261247,206
802ea958f2f830233b6b24cb,Academy Sports + Outdoors,228,621 Centerview Blvd,Kissimmee,Florida,FL,34741,"Orlando-Daytona Beach-Melbourne, FL",534,"Orlando-Kissimmee-Sanford, FL Metro Area",36740,28.341846466064453,-81.40812683,Apparel,Recreational & Sporting Goods,Sporting Goods Shop,260537,207
952d8dfd29de4b61850c2c12,Academy Sports + Outdoors,84,7850 S 107th E Ave,Tulsa,Oklahoma,OK,74133,"Tulsa, OK",671,"Tulsa, OK Metro Area",46140,36.049354553222656,-95.85614777,Apparel,Recreational & Sporting Goods,Sporting Goods Shop,258127,208
a6eb0306bce39bc232657789,Academy Sports + Outdoors,226,749 State Hwy 71,Bastrop,Texas,TX,78602,"Austin, TX",635,"Austin-Round Rock-Georgetown, TX Metro Area",12420,30.114727020263672,-97.35421753,Apparel,Recreational & Sporting Goods,Sporting Goods Shop,257531,209
e2ebd1fd268d50347d1481c8,Academy Sports + Outdoors,149,2211 Elder Ln,Kannapolis,North Carolina,NC,28083,"Charlotte, NC",517,"Charlotte-Concord-Gastonia, NC-SC Metro Area",16740,35.46650695800781,-80.59487152,Apparel,Recreational & Sporting Goods,Sporting Goods Shop,256465,210
2cbd0da166dbf92c20ceb57a,Academy Sports + Outdoors,184,1732 Nw 82nd St,Lawton,Oklahoma,OK,73505,"Wichita Falls, TX-Lawton, OK",627,"Lawton, OK Metro Area",30020,34.62679672241211,-98.49532318,Apparel,Recreational & Sporting Goods,Sporting Goods Shop,256085,211
efd6fdbced76b59503198bf6,Academy Sports + Outdoors,270,2550 Pearland Pkwy,Pearland,Texas,TX,77581,"Houston, TX",618,"Houston-The Woodlands-Sugar Land, TX Metro Area",26420,29.561664581298828,-95.26083374,Apparel,Recreational & Sporting Goods,Sporting Goods Shop,256076,212
7f17d1e1586d9fa2375283fe,Academy Sports + Outdoors,169,7200 Concourse Pkwy,Douglasville,Georgia,GA,30134,"Atlanta, GA",524,"Atlanta-Sandy Springs-Alpharetta, GA Metro Area",12060,33.72890853881836,-84.76437378,Apparel,Recreational & Sporting Goods,Sporting Goods Shop,255417,213
fda908f0233615c0b56ba0f7,Academy Sports + Outdoors,19,2404 Southwest Fwy,Houston,Texas,TX,77098,"Houston, TX",618,"Houston-The Woodlands-Sugar Land, TX Metro Area",26420,29.73230553,-95.41577911,Apparel,Recreational & Sporting Goods,Sporting Goods Shop,255018,214
cf621644abf0e82fbecd76a5,Academy Sports + Outdoors,91,2350 Gallatin Pike N,Madison,Tennessee,TN,37115,"Nashville, TN",659,"Nashville-Davidson--Murfreesboro--Franklin, TN Metro Area",34980,36.31059646606445,-86.68130493,Apparel,Recreational & Sporting Goods,Sporting Goods Shop,253871,215
11874df6333012edc8afa7d7,Academy Sports + Outdoors,81,1523 W State Hwy 114,Grapevine,Texas,TX,76051,"Dallas-Ft. Worth, TX",623,"Dallas-Fort Worth-Arlington, TX Metro Area",19100,32.92959976196289,-97.09667206,Apparel,Recreational & Sporting Goods,Sporting Goods Shop,253672,216
f701cde6671b7c2b80b6ad10,Academy Sports + Outdoors,214,13401 Shelbyville Road Suite 140,Louisville,Kentucky,KY,40223,"Louisville, KY",529,"Louisville/Jefferson County, KY-IN Metro Area",31140,38.24491500854492,-85.50495911,Apparel,Recreational & Sporting Goods,Sporting Goods Shop,252514,217
1335961664f6bbc6ac681837,Academy Sports + Outdoors,97,1701 S Cherry Ln,Fort Worth,Texas,TX,76108,"Dallas-Ft. Worth, TX",623,"Dallas-Fort Worth-Arlington, TX Metro Area",19100,32.74139404296875,-97.45035553,Apparel,Recreational & Sporting Goods,Sporting Goods Shop,252459,218
6436e0f4ec99725809c5c372,Academy Sports + Outdoors,25,"801 East William Cannon Dr, #103",Austin,Texas,TX,78745,"Austin, TX",635,"Austin-Round Rock-Georgetown, TX Metro Area",12420,30.18899154663086,-97.77316284,Apparel,Recreational & Sporting Goods,Sporting Goods Shop,251497,219
448be054eb8af30da312d4bc,Academy Sports + Outdoors,107,1585 Scenic Hwy,Snellville,Georgia,GA,30078,"Atlanta, GA",524,"Atlanta-Sandy Springs-Alpharetta, GA Metro Area",12060,33.887107849121094,-84.01246643,Apparel,Recreational & Sporting Goods,Sporting Goods Shop,251089,220
5fdb33e286a8a8dc7f2665af,Academy Sports + Outdoors,320,1605 12th Ave NW,Ardmore,Oklahoma,OK,73401,"Sherman, TX-Ada, OK",657,"Ardmore, OK Micro Area",11620,34.189605712890625,-97.14916229,Apparel,Recreational & Sporting Goods,Sporting Goods Shop,250807,221
57f835ee2dfc3bb86c90ee4b,Academy Sports + Outdoors,298,1575 Westside Dr,Rolla,Missouri,MO,65401,"St. Louis, MO",609,"Rolla, MO Micro Area",40620,37.946659088134766,-91.79528809,Apparel,Recreational & Sporting Goods,Sporting Goods Shop,249956,222
de3bcfee661303914d0c5f41,Academy Sports + Outdoors,27,12250 Research Blvd,Austin,Texas,TX,78759,"Austin, TX",635,"Austin-Round Rock-Georgetown, TX Metro Area",12420,30.42561912536621,-97.75639343,Apparel,Recreational & Sporting Goods,Sporting Goods Shop,246532,223
6572d55334073b072c8c1c4d,Academy Sports + Outdoors,336,2711 Market St NE,Christiansburg,Virginia,VA,24073,"Roanoke-Lynchburg, VA",573,"Blacksburg-Christiansburg, VA Metro Area",13980,37.166526794433594,-80.41934967,Apparel,Recreational & Sporting Goods,Sporting Goods Shop,245832,224
67ec05018ac165f585d904ce,Academy Sports + Outdoors,375,2801 E Market St,York,Pennsylvania,PA,17402,"Harrisburg-Lancaster-Lebanon-York, PA",566,"York-Hanover, PA Metro Area",49620,39.97883987426758,-76.67165375,Apparel,Recreational & Sporting Goods,Sporting Goods Shop,245825,225
f4b150862b366dedf663eef8,Academy Sports + Outdoors,253,1574 W Hwy 50,O'Fallon,Illinois,IL,62269,"St. Louis, MO",609,"St. Louis, MO-IL Metro Area",41180,38.59471893310547,-89.95648956,Apparel,Recreational & Sporting Goods,Sporting Goods Shop,245375,226
e537bd7fdd56e811487e09ef,Academy Sports + Outdoors,254,14260 Manchester Rd,Manchester,Missouri,MO,63011,"St. Louis, MO",609,"St. Louis, MO-IL Metro Area",41180,38.59071731567383,-90.50584412,Apparel,Recreational & Sporting Goods,Sporting Goods Shop,244862,227
37cf3de416256e817da197de,Academy Sports + Outdoors,236,4285 Norfolk Pkwy,West Melbourne,Florida,FL,32904,"Orlando-Daytona Beach-Melbourne, FL",534,"Palm Bay-Melbourne-Titusville, FL Metro Area",37340,28.03993797302246,-80.66114807,Apparel,Recreational & Sporting Goods,Sporting Goods Shop,244253,228
3caad2bce2e70073ca9f4342,Academy Sports + Outdoors,187,9781 Quivira Rd,Overland Park,Kansas,KS,66215,"Kansas City, MO",616,"Kansas City, MO-KS Metro Area",28140,38.95064926147461,-94.72157288,Apparel,Recreational & Sporting Goods,Sporting Goods Shop,243482,229
43832cc59b58b3e34530e74b,Academy Sports + Outdoors,86,4261 Nw 63rd St,Oklahoma City,Oklahoma,OK,73116,"Oklahoma City, OK",650,"Oklahoma City, OK Metro Area",36420,35.53748321533203,-97.596138,Apparel,Recreational & Sporting Goods,Sporting Goods Shop,242792,230
7d65ece5ea08c4408e70ac09,Academy Sports + Outdoors,68,1612 Gadsden Hwy,Trussville,Alabama,AL,35235,"Birmingham (Anniston and Tuscaloosa), AL",630,"Birmingham-Hoover, AL Metro Area",13820,33.602867126464844,-86.6412735,Apparel,Recreational & Sporting Goods,Sporting Goods Shop,241354,231
5eee15d3afc965e54a88da16,Academy Sports + Outdoors,326,1448 Old Salem Rd SE,Conyers,Georgia,GA,30013,"Atlanta, GA",524,"Atlanta-Sandy Springs-Alpharetta, GA Metro Area",12060,33.652374267578125,-84.00537109,Apparel,Recreational & Sporting Goods,Sporting Goods Shop,241014,232
58a3ac1e702489996cf94dd8,Academy Sports + Outdoors,367,115 S Frontage Rd,Meridian,Mississippi,MS,39301,"Meridian, MS",711,"Meridian, MS Micro Area",32940,32.363006591796875,-88.66937256,Apparel,Recreational & Sporting Goods,Sporting Goods Shop,238821,233
b575f7218dac6ac476dc8ef0,Academy Sports + Outdoors,221,2083 N Veterans Blvd,Eagle Pass,Texas,TX,78852,"San Antonio, TX",641,"Eagle Pass, TX Micro Area",20580,28.71872901916504,-100.4784393,Apparel,Recreational & Sporting Goods,Sporting Goods Shop,238156,234
bf8e4416d7160c8cb898659d,Academy Sports + Outdoors,289,1151 Pine Plaza Dr,Apex,North Carolina,NC,27523,"Raleigh-Durham (Fayetteville), NC",560,"Raleigh-Cary, NC Metro Area",39580,35.74761199951172,-78.83044434,Apparel,Recreational & Sporting Goods,Sporting Goods Shop,236772,235
6fbbf4e0e5b1ffc37f0307d0,Academy Sports + Outdoors,234,2409 N Perkins Rd,Stillwater,Oklahoma,OK,74075,"Oklahoma City, OK",650,"Stillwater, OK Micro Area",44660,36.14632034301758,-97.04943848,Apparel,Recreational & Sporting Goods,Sporting Goods Shop,236473,236
f1f0d0747b9ba27995519384,Academy Sports + Outdoors,313,2314 Matthews Township Pkwy,Matthews,North Carolina,NC,28105,"Charlotte, NC",517,"Charlotte-Concord-Gastonia, NC-SC Metro Area",16740,35.12538146972656,-80.70018005,Apparel,Recreational & Sporting Goods,Sporting Goods Shop,235211,237
8767660a88588f9f481e48c1,Academy Sports + Outdoors,290,5309  Gingerwood Dr,Wilmington,North Carolina,NC,28405,"Wilmington, NC",550,"Wilmington, NC Metro Area",48900,34.24748229980469,-77.87509918,Apparel,Recreational & Sporting Goods,Sporting Goods Shop,232825,238
673c5578fac5e617d91bf105,Academy Sports + Outdoors,362,1405 Janet Dr,Searcy,Arkansas,AR,72143,"Little Rock-Pine Bluff, AR",693,"Searcy, AR Micro Area",42620,35.23524475097656,-91.70890808,Apparel,Recreational & Sporting Goods,Sporting Goods Shop,232318,239
67fa9272dc1ea1708e0a28b5,Academy Sports + Outdoors,304,920 Steger Towne Dr,Rockwall,Texas,TX,75032,"Dallas-Ft. Worth, TX",623,"Dallas-Fort Worth-Arlington, TX Metro Area",19100,32.895572662353516,-96.46847534,Apparel,Recreational & Sporting Goods,Sporting Goods Shop,232116,240
be82a4d0f8a99613f9779fc2,Academy Sports + Outdoors,269,160 Hollywood Blvd,Starkville,Mississippi,MS,39759,"Columbus-Tupelo-West Point, MS",673,"Starkville, MS Micro Area",44260,33.4467659,-88.847229,Apparel,Recreational & Sporting Goods,Sporting Goods Shop,231170,241
c8ff3aee4e07c77db2e6568f,Academy Sports + Outdoors,240,9210 Hwy 6,Missouri City,Texas,TX,77459,"Houston, TX",618,"Houston-The Woodlands-Sugar Land, TX Metro Area",26420,29.53561019897461,-95.53119659,Apparel,Recreational & Sporting Goods,Sporting Goods Shop,229950,242
ffa6e3b1fb7c31ab78888af1,Academy Sports + Outdoors,188,14405 W 135th St,Olathe,Kansas,KS,66062,"Kansas City, MO",616,"Kansas City, MO-KS Metro Area",28140,38.881378173828125,-94.75284576,Apparel,Recreational & Sporting Goods,Sporting Goods Shop,226785,243
ab0a2d9bcd8b24c44418d86e,Academy Sports + Outdoors,343,100 S Creasy Ln Suite 1400,Lafayette,Indiana,IN,47905,"Lafayette, IN",582,"Lafayette-West Lafayette, IN Metro Area",29200,40.41554260253906,-86.84171295,Apparel,Recreational & Sporting Goods,Sporting Goods Shop,223898,244
e8bab2472ceeb1e701188c16,Academy Sports + Outdoors,288,3555 Dr. M.L.K. Jr Blvd,New Bern,North Carolina,NC,28562,"Greenville-New Bern-Washington, NC",545,"New Bern, NC Metro Area",35100,35.094749450683594,-77.100914,Apparel,Recreational & Sporting Goods,Sporting Goods Shop,222039,245
95e45d2176b72dba677d24bd,Academy Sports + Outdoors,77,4045 Central Expy,Plano,Texas,TX,75023,"Dallas-Ft. Worth, TX",623,"Dallas-Fort Worth-Arlington, TX Metro Area",19100,33.05193328857422,-96.69837952,Apparel,Recreational & Sporting Goods,Sporting Goods Shop,221910,246
6504815c1e4a8d0178357923,Academy Sports + Outdoors,338,1041 Nolan St,Brenham,Texas,TX,77833,"Houston, TX",618,"Brenham, TX Micro Area",14780,30.145231246948242,-96.38021851,Apparel,Recreational & Sporting Goods,Sporting Goods Shop,221574,247
c579d3fc97874db316d55ac6,Academy Sports + Outdoors,252,140 Glenwild Dr,Thibodaux,Louisiana,LA,70301,"New Orleans, LA",622,"Houma-Thibodaux, LA Metro Area",26380,29.813798904418945,-90.81711578,Apparel,Recreational & Sporting Goods,Sporting Goods Shop,221402,248
b1065d737f99dee123161ba5,Academy Sports + Outdoors,194,9041 Southside Blvd Suite 157,Jacksonville,Florida,FL,32256,"Jacksonville, FL",561,"Jacksonville, FL Metro Area",27260,30.19225502,-81.55036926,Apparel,Recreational & Sporting Goods,Sporting Goods Shop,218118,249
6572be0f34073b0e608b9fb7,Academy Sports + Outdoors,352,250 Alliance Blvd,Hutto,Texas,TX,78634,"Austin, TX",635,"Austin-Round Rock-Georgetown, TX Metro Area",12420,30.54339027404785,-97.56487274,Apparel,Recreational & Sporting Goods,Sporting Goods Shop,216488,250
a3f0be17e0fbcb8d9758d63d,Academy Sports + Outdoors,271,4406 W Owen K Garriott Rd,Enid,Oklahoma,OK,73703,"Oklahoma City, OK",650,"Enid, OK Metro Area",21420,36.392913818359375,-97.93265533,Apparel,Recreational & Sporting Goods,Sporting Goods Shop,216370,251
cc099e391299bba5fab8ce11,Academy Sports + Outdoors,50,61107 Airport Rd,Slidell,Louisiana,LA,70460,"New Orleans, LA",622,"Slidell-Mandeville-Covington, LA",43640,30.317190170288086,-89.82723999,Apparel,Recreational & Sporting Goods,Sporting Goods Shop,215207,252
bda9267bf53a06881ef29ba9,Academy Sports + Outdoors,145,8675 Concord Mills Blvd,Concord,North Carolina,NC,28027,"Charlotte, NC",517,"Charlotte-Concord-Gastonia, NC-SC Metro Area",16740,35.37302780151367,-80.7302475,Apparel,Recreational & Sporting Goods,Sporting Goods Shop,215135,253
21212b2b0039b455eeec10c0,Academy Sports + Outdoors,56,8464 Airline Hwy,Baton Rouge,Louisiana,LA,70815,"Baton Rouge, LA",716,"Baton Rouge, LA Metro Area",12940,30.456653594970703,-91.10011292,Apparel,Recreational & Sporting Goods,Sporting Goods Shop,214281,254
697f542bc7c92b5c000efddd,Academy Sports + Outdoors,125,4071 N Loop 1604 W,San Antonio,Texas,TX,78257,"San Antonio, TX",641,"San Antonio-New Braunfels, TX Metro Area",41700,29.60258674621582,-98.56374359,Apparel,Recreational & Sporting Goods,Sporting Goods Shop,213880,255
70aba37fda6ecd13c95f2f71,Academy Sports + Outdoors,126,4000 Preston Rd,Frisco,Texas,TX,75035,"Dallas-Ft. Worth, TX",623,"Dallas-Fort Worth-Arlington, TX Metro Area",19100,33.112510681152344,-96.80276489,Apparel,Recreational & Sporting Goods,Sporting Goods Shop,213823,256
7bdfda0dc5678c7e67308267,Academy Sports + Outdoors,165,24970 FM 1093,Richmond,Texas,TX,77406,"Houston, TX",618,"Houston-The Woodlands-Sugar Land, TX Metro Area",26420,29.70047378540039,-95.81015015,Apparel,Recreational & Sporting Goods,Sporting Goods Shop,213166,257
6512cb8483f4a13f680b620e,Academy Sports + Outdoors,349,1320 Carl D Silver Pkwy,Fredericksburg,Virginia,VA,22401,"Washington, DC (Hagerstown, MD)",511,"Washington-Arlington-Alexandria, DC-VA-MD-WV Metro Area",47900,38.30156707763672,-77.51091003,Apparel,Recreational & Sporting Goods,Sporting Goods Shop,212534,258
bd4aa0e569c6a73d811166cd,Academy Sports + Outdoors,220,510 E Markey Pkwy,Belton,Missouri,MO,64012,"Kansas City, MO",616,"Kansas City, MO-KS Metro Area",28140,38.82548522949219,-94.52329254,Apparel,Recreational & Sporting Goods,Sporting Goods Shop,211237,259
da8acd874949cef20b6bdf01,Academy Sports + Outdoors,345,1960 E Greyhound Pass,Carmel,Indiana,IN,46033,"Indianapolis, IN",527,"Indianapolis-Carmel-Anderson, IN Metro Area",26900,40.003963470458984,-86.12399292,Apparel,Recreational & Sporting Goods,Sporting Goods Shop,210617,260
868593075d82a6268417caac,Academy Sports + Outdoors,341,5755 Kyle Pkwy Suite 200,Kyle,Texas,TX,78640,"Austin, TX",635,"Austin-Round Rock-Georgetown, TX Metro Area",12420,30.013507843017578,-97.85522461,Apparel,Recreational & Sporting Goods,Sporting Goods Shop,210614,261
ded3b0943e357d60b877fb2e,Academy Sports + Outdoors,79,3305 Dallas Pkwy,Plano,Texas,TX,75093,"Dallas-Ft. Worth, TX",623,"Dallas-Fort Worth-Arlington, TX Metro Area",19100,33.04642868041992,-96.83198547,Apparel,Recreational & Sporting Goods,Sporting Goods Shop,209348,262
673c6c57d169da0c9e9ac5bf,Academy Sports + Outdoors,363,7125 FL,Bradenton,Florida,FL,34212,"Tampa-St. Petersburg (Sarasota), FL",539,"North Port-Sarasota-Bradenton, FL Metro Area",35840,27.493040084838867,-82.46828461,Apparel,Recreational & Sporting Goods,Sporting Goods Shop,209104,263
cbac809c6d5d59cccdfbb8e3,Academy Sports + Outdoors,134,549 Pleasant Grove Rd,Mt. Juliet,Tennessee,TN,37122,"Nashville, TN",659,"Nashville-Davidson--Murfreesboro--Franklin, TN Metro Area",34980,36.17573165893555,-86.52042389,Apparel,Recreational & Sporting Goods,Sporting Goods Shop,205975,264
c1bb5b384adbed39c4ee60d9,Academy Sports + Outdoors,122,3621 Justin Rd,Flower Mound,Texas,TX,75028,"Dallas-Ft. Worth, TX",623,"Dallas-Fort Worth-Arlington, TX Metro Area",19100,33.06980514526367,-97.08647919,Apparel,Recreational & Sporting Goods,Sporting Goods Shop,205215,265
3e95fc2689f1ff95ec34de4a,Academy Sports + Outdoors,231,11955 E Colonial Dr,Orlando,Florida,FL,32826,"Orlando-Daytona Beach-Melbourne, FL",534,"Orlando-Kissimmee-Sanford, FL Metro Area",36740,28.56830406188965,-81.20386505,Apparel,Recreational & Sporting Goods,Sporting Goods Shop,203769,266
2a68aaf0c34f1adf48b097b1,Academy Sports + Outdoors,190,1689 Eisenhower Parkway,Macon,Georgia,GA,31206,"Macon, GA",503,"Macon-Bibb County, GA Metro Area",31420,32.81556701660156,-83.67369843,Apparel,Recreational & Sporting Goods,Sporting Goods Shop,199397,267
399d43c75474bd6dcc70145d,Academy Sports + Outdoors,365,463937 E State Rd 200,Yulee,Florida,FL,32097,"Jacksonville, FL",561,"Jacksonville, FL Metro Area",27260,30.626625061035156,-81.54060364,Apparel,Recreational & Sporting Goods,Sporting Goods Shop,195583,268
ebb49e5245a4c1747c9a26f2,Academy Sports + Outdoors,357,3925 Gorsky Dr,Zanesville,Ohio,OH,43701,"Zanesville, OH",596,"Zanesville, OH Micro Area",49780,39.99433898925781,-82.03484344,Apparel,Recreational & Sporting Goods,Sporting Goods Shop,195130,269
dcf6e6f069f8354e8a2ab300,Academy Sports + Outdoors,339,25415 Sierra Center Blvd,Lutz,Florida,FL,33559,"Tampa-St. Petersburg (Sarasota), FL",539,"Tampa-St. Petersburg-Clearwater, FL Metro Area",45300,28.19445229,-82.39682007,Apparel,Recreational & Sporting Goods,Sporting Goods Shop,193561,270
f02c05633872614b5bde4330,Academy Sports + Outdoors,368,301 Beckley Plaza,Beckley,West Virginia,WV,25801,"Bluefield-Beckley-Oak Hill, WV",559,"Beckley, WV Metro Area",13220,37.813079833984375,-81.18412018,Apparel,Recreational & Sporting Goods,Sporting Goods Shop,192202,271
48e4dd3aa023bd7e567eadc9,Academy Sports + Outdoors,116,7600 Westheimer Road,Houston,Texas,TX,77063,"Houston, TX",618,"Houston-The Woodlands-Sugar Land, TX Metro Area",26420,29.739948272705078,-95.5038147,Apparel,Recreational & Sporting Goods,Sporting Goods Shop,191608,272
2ba409e866627885eb13e5d8,Academy Sports + Outdoors,328,30 Tanyard Station Dr,Barboursville,West Virginia,WV,25504,"Charleston-Huntington, WV",564,"Huntington-Ashland, WV-KY-OH Metro Area",26580,38.41337203979492,-82.29107666,Apparel,Recreational & Sporting Goods,Sporting Goods Shop,188689,273
5f93603563cce97df9f59fca,Academy Sports + Outdoors,344,7611 North Grand Prairie Dr,Peoria,Illinois,IL,61615,"Peoria-Bloomington, IL",675,"Peoria, IL Metro Area",37900,40.780845642089844,-89.67723846,Apparel,Recreational & Sporting Goods,Sporting Goods Shop,188649,274
37e43bb87a6da3c1312aec46,Academy Sports + Outdoors,366,2626 E Stone Dr,Kingsport,Tennessee,TN,37660,"Tri-Cities, TN-VA",531,"Kingsport-Bristol, TN-VA Metro Area",28700,36.553096771240234,-82.49160004,Apparel,Recreational & Sporting Goods,Sporting Goods Shop,186292,275
3e631c29cafe5422bf023dcf,Academy Sports + Outdoors,323,1725 US Hwy 380,Frisco,Texas,TX,75033,"Dallas-Ft. Worth, TX",623,"Dallas-Fort Worth-Arlington, TX Metro Area",19100,33.216861724853516,-96.87587738,Apparel,Recreational & Sporting Goods,Sporting Goods Shop,184136,276
d3cb156de5e3cc713d4765ee,Academy Sports + Outdoors,359,501 Saint Mark Ave,Selma,North Carolina,NC,27576,"Raleigh-Durham (Fayetteville), NC",560,"Raleigh-Cary, NC Metro Area",39580,35.51921844482422,-78.27929688,Apparel,Recreational & Sporting Goods,Sporting Goods Shop,182196,277
79d338f8b53b490ca1a3477a,Academy Sports + Outdoors,329,3220 Nicholasville Rd Suite 175,Lexington,Kentucky,KY,40503,"Lexington, KY",541,"Lexington-Fayette, KY Metro Area",30460,37.99247741699219,-84.52086639,Apparel,Recreational & Sporting Goods,Sporting Goods Shop,181286,278
6605d0d027e6c2049b1fd4fe,Academy Sports + Outdoors,354,216 Hinton Oaks Blvd,Knightdale,North Carolina,NC,27545,"Raleigh-Durham (Fayetteville), NC",560,"Raleigh-Cary, NC Metro Area",39580,35.79692459106445,-78.51285553,Apparel,Recreational & Sporting Goods,Sporting Goods Shop,177367,279
6572bec6ace4333f88cc1995,Academy Sports + Outdoors,348,1525 St Lucie W Blvd,Port St. Lucie,Florida,FL,34986,"West Palm Beach-Ft. Pierce, FL",548,"Port St. Lucie, FL Metro Area",38940,27.31705665588379,-80.39292145,Apparel,Recreational & Sporting Goods,Sporting Goods Shop,175447,280
affbe4b96e5901cf8f46e72e,Academy Sports + Outdoors,82,2428 S Stemmons Fwy,Lewisville,Texas,TX,75067,"Dallas-Ft. Worth, TX",623,"Dallas-Fort Worth-Arlington, TX Metro Area",19100,33.00575256347656,-96.96619415,Apparel,Recreational & Sporting Goods,Sporting Goods Shop,174922,281
67347dab8de70e6e1caa2108,Academy Sports + Outdoors,364,1690 N Bechtle Ave,Springfield,Ohio,OH,45504,"Dayton, OH",542,"Springfield, OH Metro Area",44220,39.947269439697266,-83.83140564,Apparel,Recreational & Sporting Goods,Sporting Goods Shop,174543,282
3107b43368168467b05025cf,Academy Sports + Outdoors,350,739 Stoneridge Pkwy,Jefferson City,Missouri,MO,65109,"Columbia-Jefferson City, MO",604,"Jefferson City, MO Metro Area",27620,38.579002380371094,-92.22200012,Apparel,Recreational & Sporting Goods,Sporting Goods Shop,174535,283
97a871a077ed3dd8a75dbc18,Academy Sports + Outdoors,373,1580 Wesel Blvd,Hagerstown,Maryland,MD,21740,"Washington, DC (Hagerstown, MD)",511,"Hagerstown-Martinsburg, MD-WV Metro Area",25180,39.63376235961914,-77.76225281,Apparel,Recreational & Sporting Goods,Sporting Goods Shop,171886,284
ccc37d40180265cb7bc8a894,Academy Sports + Outdoors,195,"2320 Hwy 6,",Houston,Texas,TX,77077,"Houston, TX",618,"Houston-The Woodlands-Sugar Land, TX Metro Area",26420,29.73937416,-95.64642334,Apparel,Recreational & Sporting Goods,Sporting Goods Shop,171660,285
37ad045e9f2924c5026692e5,Academy Sports + Outdoors,337,8715-A W Loop S,Houston,Texas,TX,77096,"Houston, TX",618,"Houston-The Woodlands-Sugar Land, TX Metro Area",26420,29.68686866760254,-95.45627594,Apparel,Recreational & Sporting Goods,Sporting Goods Shop,171226,286
66cbad2386708c82abba1093,Academy Sports + Outdoors,370,407 Singing Oaks,Spring Branch,Texas,TX,78070,"San Antonio, TX",641,"San Antonio-New Braunfels, TX Metro Area",41700,29.80344009399414,-98.42195892,Apparel,Recreational & Sporting Goods,Sporting Goods Shop,167849,287
f6edc55a40ff6570b4571fbc,Academy Sports + Outdoors,380,546 Mary Esther Cut Off NW Suite #2,Fort Walton Beach,Florida,FL,32548,"Mobile, AL-Pensacola (Ft. Walton Beach), FL",686,"Crestview-Fort Walton Beach-Destin, FL Metro Area",18880,30.421329498291016,-86.6492157,Apparel,Recreational & Sporting Goods,Sporting Goods Shop,167774,288
d050cdf2bea024692e77b5c6,Academy Sports + Outdoors,256,3557 Gdns Rdg Way,Orlando,Florida,FL,32839,"Orlando-Daytona Beach-Melbourne, FL",534,"Orlando-Kissimmee-Sanford, FL Metro Area",36740,28.49615478515625,-81.42298126,Apparel,Recreational & Sporting Goods,Sporting Goods Shop,166246,289
67ec01523899db257b4ab3b2,Academy Sports + Outdoors,361,9130 Nw Skyview Ave,Kansas City,Missouri,MO,64154,"Kansas City, MO",616,"Kansas City, MO-KS Metro Area",28140,39.25890350341797,-94.65791321,Apparel,Recreational & Sporting Goods,Sporting Goods Shop,165038,290
c6295bc00ffc9c20ed45a181,Academy Sports + Outdoors,257,3720 Buford Dr,Buford,Georgia,GA,30519,"Atlanta, GA",524,"Atlanta-Sandy Springs-Alpharetta, GA Metro Area",12060,34.082237243652344,-83.9913559,Apparel,Recreational & Sporting Goods,Sporting Goods Shop,160568,291
197ec2a050361a8a3115a4b0,Academy Sports + Outdoors,340,7230 US Hwy 19 N,Pinellas Park,Florida,FL,33781,"Tampa-St. Petersburg (Sarasota), FL",539,"Tampa-St. Petersburg-Clearwater, FL Metro Area",45300,27.836225509643555,-82.68680573,Apparel,Recreational & Sporting Goods,Sporting Goods Shop,160387,292
61d57ae2d24219ac631f50f2,Academy Sports + Outdoors,356,8811 Hardegan St,Indianapolis,Indiana,IN,46227,"Indianapolis, IN",527,"Indianapolis-Carmel-Anderson, IN Metro Area",26900,39.638404846191406,-86.12377167,Apparel,Recreational & Sporting Goods,Sporting Goods Shop,158049,293
740aec0c114ca922ff04f1cd,Academy Sports + Outdoors,300,6640 Eagle Watch Dr,Orlando,Florida,FL,32822,"Orlando-Daytona Beach-Melbourne, FL",534,"Orlando-Kissimmee-Sanford, FL Metro Area",36740,28.467796325683594,-81.30699921,Apparel,Recreational & Sporting Goods,Sporting Goods Shop,156934,294
55c5e12ca38c9099a98f9e68,Academy Sports + Outdoors,371,4610 US,Birmingham,Alabama,AL,35242,"Birmingham (Anniston and Tuscaloosa), AL",630,"Birmingham-Hoover, AL Metro Area",13820,33.42705535888672,-86.70993805,Apparel,Recreational & Sporting Goods,Sporting Goods Shop,144069,295
672cacdc0bfb1963165ff0c3,Academy Sports + Outdoors,346,54 Crosscut Drive,Westover,West Virginia,WV,26501,"Pittsburgh, PA",508,"Morgantown, WV Metro Area",34060,39.63692855834961,-80.00745392,Apparel,Recreational & Sporting Goods,Sporting Goods Shop,142802,296
7e4cf6d42e7f4759828b492d,Academy Sports + Outdoors,332,11861 W Broad St,Richmond,Virginia,VA,23233,"Richmond-Petersburg, VA",556,"Richmond, VA Metro Area",40060,37.651859283447266,-77.6229248,Apparel,Recreational & Sporting Goods,Sporting Goods Shop,140047,297
dfc027a2bab513f4c116c536,Academy Sports + Outdoors,327,130 Perimeter Ctr W,Dunwoody,Georgia,GA,30346,"Atlanta, GA",524,"Atlanta-Sandy Springs-Alpharetta, GA Metro Area",12060,33.92712402,-84.34707642,Apparel,Recreational & Sporting Goods,Sporting Goods Shop,133650,298
1bbbc15c3cac64048dcd220c,Academy Sports + Outdoors,376,5125 Jonestown Rd,Harrisburg,Pennsylvania,PA,17112,"Harrisburg-Lancaster-Lebanon-York, PA",566,"Harrisburg-Carlisle, PA Metro Area",25420,40.309871673583984,-76.79593658,Apparel,Recreational & Sporting Goods,Sporting Goods Shop,132490,299
6572bacc604b6f0ce9c46799,Academy Sports + Outdoors,347,9905 E US Hwy 36,Avon,Indiana,IN,46123,"Indianapolis, IN",527,"Indianapolis-Carmel-Anderson, IN Metro Area",26900,39.76126480102539,-86.34713745,Apparel,Recreational & Sporting Goods,Sporting Goods Shop,132192,300
471bf07e94fc8d3a729ef8c3,Academy Sports + Outdoors,369,3621 State Hwy 31 W,Corsicana,Texas,TX,75110,"Dallas-Ft. Worth, TX",623,"Corsicana, TX Micro Area",18620,32.06859588623047,-96.50376129,Apparel,Recreational & Sporting Goods,Sporting Goods Shop,131447,301
6572e593ace4330721ab1496,Academy Sports + Outdoors,353,3231 S Veterans Pkwy,Springfield,Illinois,IL,62704,"Champaign & Springfield-Decatur, IL",648,"Springfield, IL Metro Area",44100,39.757240295410156,-89.70858002,Apparel,Recreational & Sporting Goods,Sporting Goods Shop,128533,302
e4650f310a22a99bd950303f,Academy Sports + Outdoors,360,9331 Ben C Pratt 6 Mile Cypress Parkway,Fort Myers,Florida,FL,33966,"Ft. Myers-Naples, FL",571,"Cape Coral-Fort Myers, FL Metro Area",15980,26.60851479,-81.80889893,Apparel,Recreational & Sporting Goods,Sporting Goods Shop,124581,303
3f974b2848810e6bf280bc9f,Academy Sports + Outdoors,374,10400 Midlothian Tpke,Richmond,Virginia,VA,23235,"Richmond-Petersburg, VA",556,"Richmond, VA Metro Area",40060,37.508995056152344,-77.58731079,Apparel,Recreational & Sporting Goods,Sporting Goods Shop,123185,304
cb92eb35b0d706a7df0b1883,Academy Sports + Outdoors,358,123 S Kingston Dr,Bloomington,Indiana,IN,47408,"Indianapolis, IN",527,"Bloomington, IN Metro Area",14020,39.16603088378906,-86.4921875,Apparel,Recreational & Sporting Goods,Sporting Goods Shop,122376,305
95941091ff07bef2e11bfa86,Academy Sports + Outdoors,379,9557 South Blvd,Charlotte,North Carolina,NC,28273,"Charlotte, NC",517,"Charlotte-Concord-Gastonia, NC-SC Metro Area",16740,35.10535430908203,-80.87723541,Apparel,Recreational & Sporting Goods,Sporting Goods Shop,108359,306
68a028f207111c29a3431fb1,Academy Sports + Outdoors,391,320 Robert Smalls Pkwy,Beaufort,South Carolina,SC,29906,"Savannah, GA",507,"Hilton Head Island-Bluffton, SC Metro Area",25940,32.42763137817383,-80.72802734,Apparel,Recreational & Sporting Goods,Sporting Goods Shop,47597,307
bf57663757ae6503d30b03be,Academy Sports + Outdoors,385,1280 Doral Drive,Boardman,Ohio,OH,44514,"Youngstown, OH",536,"Youngstown-Warren-Boardman, OH-PA Metro Area",49660,41.02989196777344,-80.63092804,Apparel,Recreational & Sporting Goods,Sporting Goods Shop,46970,308
68d67271857bbf0bee3c1023,Academy Sports + Outdoors,383,2701 N Mall Dr #101,Virginia Beach,Virginia,VA,23452,"Norfolk-Portsmouth-Newport News, VA",544,"Virginia Beach-Norfolk-Newport News, VA-NC Metro Area",47260,36.81948471069336,-76.06790924,Apparel,Recreational & Sporting Goods,Sporting Goods Shop,40126,309
68fb0961b54730002168fa8d,Academy Sports + Outdoors,NA,232 Shorter Ave,Rome,Georgia,GA,30165,"Atlanta, GA",524,"Rome, GA Metro Area",40660,34.26494598388672,-85.18806458,Apparel,Recreational & Sporting Goods,Sporting Goods Shop,26644,310
,,,,,,,,,,,,,,,,,,
,,,,,,,,,,,,,,,,,298911.0581,
