"Rank","Id","Type","Property Name","Store Id","Chain Id","Chain Name","Latitude","Longitude","Sub Category","Category","Category Group","Address","City","State","State Code","Country","Country Code","Zip Code","DMA Name","DMA Code","CBSA Name","CBSA Code","Visits","sq ft","Visits / sq ft"
"1","8cf8bbde862ebf92f524af57","venue","REI","18","59b221e8173f563bda9ae9bf","REI","39.7553825378418","-105.00950622558594","Sporting Goods Shop","Recreational & Sporting Goods","Apparel","1416 Platte St","Denver","Colorado","CO","United States","US","80202","Denver, CO","751","Denver-Aurora-Lakewood, CO Metro Area","19740","376393","40094.69962530014","9.38759994506836"
"2","5a7a7e1502f0666fb03ab2d9","venue","REI","11","59b221e8173f563bda9ae9bf","REI","47.620365142822266","-122.32963562011719","Sporting Goods Shop","Recreational & Sporting Goods","Apparel","222 Yale Ave N","Seattle","Washington","WA","United States","US","98109","Seattle-Tacoma, WA","819","Seattle-Tacoma-Bellevue, WA Metro Area","42660","356413","40094.60656207465","8.889300346374512"
"3","239d08d067a0ae09010e4dfd","venue","REI","44","59b221e8173f563bda9ae9bf","REI","40.01917266845703","-105.25991821289062","Sporting Goods Shop","Recreational & Sporting Goods","Apparel","1789 28th St","Boulder","Colorado","CO","United States","US","80301","Denver, CO","751","Boulder, CO Metro Area","14500","262079","40092.24529310323","6.536900043487549"
"4","3fb547560b76a7d60f07d0c1","venue","REI","96","59b221e8173f563bda9ae9bf","REI","44.04638671875","-121.31511688232422","Sporting Goods Shop","Recreational & Sporting Goods","Apparel","380 Powerhouse Dr","Bend","Oregon","OR","United States","US","97702","Bend, OR","821","Bend, OR Metro Area","13460","260371","18224.20245869632","14.287099838256836"
"5","f619af216eceeabdc91bae6a","venue","REI","16","59b221e8173f563bda9ae9bf","REI","61.19422912597656","-149.87527465820312","Sporting Goods Shop","Recreational & Sporting Goods","Apparel","500 E Northern Lights Blvd","Anchorage","Alaska","AK","United States","US","99503","Anchorage, AK","743","Anchorage, AK Metro Area","11260","255764","40095.943342882085","6.378799915313721"
"6","a8b038919b6d28befca47c0b","venue","REI","35","59b221e8173f563bda9ae9bf","REI","47.82147979736328","-122.27220916748047","Sporting Goods Shop","Recreational & Sporting Goods","Apparel","196 Alderwood Mall Pkwy","Lynnwood","Washington","WA","United States","US","98036","Seattle-Tacoma, WA","819","Seattle-Tacoma-Bellevue, WA Metro Area","42660","233487","37896.35107387036","6.161200046539307"
"7","bf6cee2be64bed78e4224e25","venue","REI","104","59b221e8173f563bda9ae9bf","REI","37.36568832397461","-122.03173828125","Sporting Goods Shop","Recreational & Sporting Goods","Apparel","130 E El Camino Real","Sunnyvale","California","CA","United States","US","94087","San Francisco-Oakland-San Jose, CA","807","San Jose-Sunnyvale-Santa Clara, CA Metro Area","41940","219118","36055.15564712246","6.077300071716309"
"8","e6d8d005f8c230e263a432ee","venue","REI","17","59b221e8173f563bda9ae9bf","REI","33.72140884399414","-117.79571533203125","Sporting Goods Shop","Recreational & Sporting Goods","Apparel","2962 El Camino Real","Tustin","California","CA","United States","US","92782","Los Angeles, CA","803","Los Angeles-Long Beach-Anaheim, CA Metro Area","31080","205051","37277.93425739498","5.5005998611450195"
"9","530dbac881101a2cb6aea3a2","venue","REI","29","59b221e8173f563bda9ae9bf","REI","32.8384895324707","-117.16309356689453","Sporting Goods Shop","Recreational & Sporting Goods","Apparel","5556 Copley Dr","San Diego","California","CA","United States","US","92111","San Diego, CA","825","San Diego-Chula Vista-Carlsbad, CA Metro Area","41740","201622","28236.3977398166","7.140500068664551"
"10","2c3ca5e152c2c9f8ee1fe49d","venue","REI","19","59b221e8173f563bda9ae9bf","REI","40.70104217529297","-111.80122375488281","Sporting Goods Shop","Recreational & Sporting Goods","Apparel","3285 E 3300 S","Salt Lake City","Utah","UT","United States","US","84109","Salt Lake City, UT","770","Salt Lake City, UT Metro Area","41620","191126","40092.720043635636","4.767099857330322"
"11","c40c51be19244bb3c0fb0ffd","venue","REI","15","59b221e8173f563bda9ae9bf","REI","44.86082458496094","-93.2912826538086","Sporting Goods Shop","Recreational & Sporting Goods","Apparel","750 American Blvd W","Bloomington","Minnesota","MN","United States","US","55420","Minneapolis-St. Paul, MN","613","Minneapolis-St. Paul-Bloomington, MN-WI Metro Area","33460","186308","40092.96367545398","4.646900177001953"
"12","9cd0466234e72be5cd72c1c0","venue","REI","274","59b221e8173f563bda9ae9bf","REI","33.980281829833984","-118.44113159179688","Sporting Goods Shop","Recreational & Sporting Goods","Apparel","4655 Admiralty Way","Marina Del Rey","California","CA","United States","US","90292","Los Angeles, CA","803","Los Angeles-Long Beach-Anaheim, CA Metro Area","31080","177336","28541.353787709893","6.2133002281188965"
"13","67e78ff4347c8c93a1de1c8c","venue","REI","12","59b221e8173f563bda9ae9bf","REI","37.87899398803711","-122.29621887207031","Sporting Goods Shop","Recreational & Sporting Goods","Apparel","1338 San Pablo Ave","Berkeley","California","CA","United States","US","94702","San Francisco-Oakland-San Jose, CA","807","San Francisco-Oakland-Berkeley, CA Metro Area","41860","171583","34887.35704953931","4.9182000160217285"
"14","5b8f8804604261574f348a91","venue","REI","183","59b221e8173f563bda9ae9bf","REI","34.191383361816406","-118.33248138427734","Sporting Goods Shop","Recreational & Sporting Goods","Apparel","1900 W Empire Ave","Burbank","California","CA","United States","US","91504","Los Angeles, CA","803","Los Angeles-Long Beach-Anaheim, CA Metro Area","31080","170346","40100.28111749613","4.248000144958496"
"15","ba4c8bdf3ef7379abb37df56","venue","REI","182","59b221e8173f563bda9ae9bf","REI","39.630428314208984","-106.05457305908203","Sporting Goods Shop","Recreational & Sporting Goods","Apparel","306 Dillon Ridge Rd","Dillon","Colorado","CO","United States","US","80435","Denver, CO","751","Breckenridge, CO Micro Area","14720","170187","27091.212709827894","6.2820000648498535"
"16","398c360cbfd3b7a9790f2a16","venue","REI","220","59b221e8173f563bda9ae9bf","REI","35.80597686767578","-83.5692138671875","Sporting Goods Shop","Recreational & Sporting Goods","Apparel","2655 Teaster Ln","Pigeon Forge","Tennessee","TN","United States","US","37863","Knoxville, TN","557","Sevierville, TN Micro Area","42940","164508","22843.57444897051","7.201499938964844"
"17","1f3bcc74dd6036877b478ae8","venue","REI","61","59b221e8173f563bda9ae9bf","REI","39.59817123413086","-104.88574981689453","Sporting Goods Shop","Recreational & Sporting Goods","Apparel","9000 E Peakview Ave","Greenwood Village","Colorado","CO","United States","US","80111","Denver, CO","751","Denver-Aurora-Lakewood, CO Metro Area","19740","156246","40097.00613169013","3.896699905395508"
"18","3d097855165e4523035f5b8a","venue","REI","76","59b221e8173f563bda9ae9bf","REI","37.92802047729492","-122.51702117919922","Sporting Goods Shop","Recreational & Sporting Goods","Apparel","213 Corte Madera Town Center","Corte Madera","California","CA","United States","US","94925","San Francisco-Oakland-San Jose, CA","807","San Francisco-Oakland-Berkeley, CA Metro Area","41860","155915","13936.66105553064","11.187399864196777"
"19","aea1ee8345e670328eb5db9c","venue","REI","196","59b221e8173f563bda9ae9bf","REI","34.73839569091797","-86.66687774658203","Sporting Goods Shop","Recreational & Sporting Goods","Apparel","1035 Mid City Dr","Huntsville","Alabama","AL","United States","US","35806","Huntsville-Decatur (Florence), AL","691","Huntsville, AL Metro Area","26620","154846","20729.050113671725","7.46999979019165"
"20","3bc71cf2bf29a1d897f5352c","venue","REI","102","59b221e8173f563bda9ae9bf","REI","45.43471145629883","-122.57520294189453","Sporting Goods Shop","Recreational & Sporting Goods","Apparel","12160 SE 82nd Ave Suite 3015","Happy Valley","Oregon","OR","United States","US","97086","Portland, OR","820","Portland-Vancouver-Hillsboro, OR-WA Metro Area","38900","154584","19360.99562340382","7.984300136566162"
"21","980d2db37049df01177cf6b2","venue","REI","134","59b221e8173f563bda9ae9bf","REI","34.41599655151367","-119.69330596923828","Sporting Goods Shop","Recreational & Sporting Goods","Apparel","321 Anacapa St","Santa Barbara","California","CA","United States","US","93101","Santa Barbara-Santa Maria-San Luis Obispo, CA","855","Santa Maria-Santa Barbara, CA Metro Area","42200","153139","33360.70771506156","4.590400218963623"
"22","a6e359b6bc0199098f953493","venue","REI","22","59b221e8173f563bda9ae9bf","REI","37.28861618041992","-121.9919204711914","Sporting Goods Shop","Recreational & Sporting Goods","Apparel","400 El Paseo De Saratoga","San Jose","California","CA","United States","US","95130","San Francisco-Oakland-San Jose, CA","807","San Jose-Sunnyvale-Santa Clara, CA Metro Area","41940","152594","40094.06345809229","3.8059000968933105"
"23","229023b50f68f6cbc5e481fa","venue","REI","176","59b221e8173f563bda9ae9bf","REI","41.24549865722656","-73.0264663696289","Sporting Goods Shop","Recreational & Sporting Goods","Apparel","1587 Boston Post Rd","Milford","Connecticut","CT","United States","US","06460","Hartford & New Haven, CT","533","New Haven-Milford, CT Metro Area","35300","140985","25946.886286499837","5.433599948883057"
"24","5a8b988c792715e814e8dcd4","venue","REI","32","59b221e8173f563bda9ae9bf","REI","30.389347076416016","-97.74061584472656","Sporting Goods Shop","Recreational & Sporting Goods","Apparel","9901 N Capital Of Texas Hwy","Austin","Texas","TX","United States","US","78759","Austin, TX","635","Austin-Round Rock-Georgetown, TX Metro Area","12420","140507","29469.36812690775","4.767899990081787"
"25","9f3a5a803b0becfd70054a88","venue","REI","63","59b221e8173f563bda9ae9bf","REI","34.142581939697266","-118.03103637695312","Sporting Goods Shop","Recreational & Sporting Goods","Apparel","214 N Santa Anita Ave","Arcadia","California","CA","United States","US","91006","Los Angeles, CA","803","Los Angeles-Long Beach-Anaheim, CA Metro Area","31080","140299","22489.580724967673","6.238399982452393"
"26","6e50aa9284c4c8432c7641d1","venue","REI","116","59b221e8173f563bda9ae9bf","REI","47.54150390625","-122.04901123046875","Sporting Goods Shop","Recreational & Sporting Goods","Apparel","735 NW Gilman Blvd, Ste F","Issaquah","Washington","WA","United States","US","98027","Seattle-Tacoma, WA","819","Seattle-Tacoma-Bellevue, WA Metro Area","42660","139466","26345.6550713792","5.293700218200684"
"27","dfc125077698c458bc4d7df0","venue","REI","130","59b221e8173f563bda9ae9bf","REI","36.16315460205078","-115.2879867553711","Sporting Goods Shop","Recreational & Sporting Goods","Apparel","710 S Rampart Blvd","Las Vegas","Nevada","NV","United States","US","89145","Las Vegas, NV","839","Las Vegas-Henderson-Paradise, NV Metro Area","29820","138425","29018.70079011707","4.770199775695801"
"28","9d26a901d2114c2f776b9768","venue","REI","208","59b221e8173f563bda9ae9bf","REI","40.984859466552734","-111.9031753540039","Sporting Goods Shop","Recreational & Sporting Goods","Apparel","220 Station Pkwy","Farmington","Utah","UT","United States","US","84025","Salt Lake City, UT","770","Ogden-Clearfield, UT Metro Area","36260","137346","26219.074614401732","5.238399982452393"
"29","2ece2a78cd05f1503fb47ac2","venue","REI","112","59b221e8173f563bda9ae9bf","REI","36.8494987487793","-119.78972625732422","Sporting Goods Shop","Recreational & Sporting Goods","Apparel","7810 N Blackstone Ave","Fresno","California","CA","United States","US","93720","Fresno-Visalia, CA","866","Fresno, CA Metro Area","23420","136801","14452.132506099624","9.465800285339355"
"30","146547e7fc72a66941a3496a","venue","REI","64","59b221e8173f563bda9ae9bf","REI","36.03034591674805","-86.79183959960938","Sporting Goods Shop","Recreational & Sporting Goods","Apparel","261 Franklin Rd","Brentwood","Tennessee","TN","United States","US","37027","Nashville, TN","659","Nashville-Davidson--Murfreesboro--Franklin, TN Metro Area","34980","135920","26046.797519785137","5.218299865722656"
"31","3258fbc12d16bd0cfd16baf7","venue","REI","21","59b221e8173f563bda9ae9bf","REI","38.59762954711914","-121.44965362548828","Sporting Goods Shop","Recreational & Sporting Goods","Apparel","1790 Expo Pkwy","Sacramento","California","CA","United States","US","95815","Sacramento-Stockton-Modesto, CA","862","Sacramento-Roseville-Folsom, CA Metro Area","40900","135067","40088.745207090935","3.3691999912261963"
"32","38d2403e7386334ecc96bdcc","venue","REI","217","59b221e8173f563bda9ae9bf","REI","30.503145217895508","-84.25354766845703","Sporting Goods Shop","Recreational & Sporting Goods","Apparel","1415 Timberlane Rd # 201","Tallahassee","Florida","FL","United States","US","32312","Tallahassee, FL-Thomasville, GA","530","Tallahassee, FL Metro Area","45220","134416","22408.26921836225","5.998499870300293"
"33","8de52ec336d42c369b0f6132","venue","REI","65","59b221e8173f563bda9ae9bf","REI","48.73052215576172","-122.47229766845703","Sporting Goods Shop","Recreational & Sporting Goods","Apparel","400 36th St","Bellingham","Washington","WA","United States","US","98225","Seattle-Tacoma, WA","819","Bellingham, WA Metro Area","13380","133532","26156.587716000427","5.105100154876709"
"34","f307fdd51fc185bcbd6abe47","venue","REI","26","59b221e8173f563bda9ae9bf","REI","42.52555847167969","-71.08700561523438","Sporting Goods Shop","Recreational & Sporting Goods","Apparel","279 Salem St","Reading","Massachusetts","MA","United States","US","01867","Boston, MA (Manchester, NH)","506","Boston-Cambridge-Newton, MA-NH Metro Area","14460","130992","35055.52973676272","3.7367000579833984"
"35","7674b02237385c3070e638ea","venue","REI","162","59b221e8173f563bda9ae9bf","REI","40.08271408081055","-75.40511322021484","Sporting Goods Shop","Recreational & Sporting Goods","Apparel","161 Town Square Pl","King Of Prussia","Pennsylvania","PA","United States","US","19406","Philadelphia, PA","504","Philadelphia-Camden-Wilmington, PA-NJ-DE-MD Metro Area","37980","128470","18010.40212658502","7.1331000328063965"
"36","7246aa02d63af0aedd2ef02c","venue","REI","114","59b221e8173f563bda9ae9bf","REI","35.684043884277344","-105.94833374023438","Sporting Goods Shop","Recreational & Sporting Goods","Apparel","500 Market St #100","Santa Fe","New Mexico","NM","United States","US","87501","Albuquerque-Santa Fe, NM","790","Santa Fe, NM Metro Area","42140","127163","16189.415072150554","7.854700088500977"
"37","19d0fd410f1e9cd234c91b4f","venue","REI","24","59b221e8173f563bda9ae9bf","REI","47.66778564453125","-117.42707061767578","Sporting Goods Shop","Recreational & Sporting Goods","Apparel","1125 N Monroe St","Spokane","Washington","WA","United States","US","99201","Spokane, WA","881","Spokane-Spokane Valley, WA Metro Area","44060","126074","15990.107118145484","7.884500026702881"
"38","34a0f2ecbaa0c2c7e85c0494","venue","REI","87","59b221e8173f563bda9ae9bf","REI","36.02210235595703","-115.08582305908203","Sporting Goods Shop","Recreational & Sporting Goods","Apparel","2220 Village Walk Dr Suite 150","Henderson","Nevada","NV","United States","US","89052","Las Vegas, NV","839","Las Vegas-Henderson-Paradise, NV Metro Area","29820","125480","23965.31671572039","5.235899925231934"
"39","d08199ec5ac3d1a016e5b980","venue","REI","38","59b221e8173f563bda9ae9bf","REI","37.504241943359375","-122.24647521972656","Sporting Goods Shop","Recreational & Sporting Goods","Apparel","1119 Industrial Rd Suite A","San Carlos","California","CA","United States","US","94070","San Francisco-Oakland-San Jose, CA","807","San Francisco-Oakland-Berkeley, CA Metro Area","41860","124348","40096.735405511456","3.1012001037597656"
"40","37a287d31398966a6c9e0364","venue","REI","168","59b221e8173f563bda9ae9bf","REI","41.45137405395508","-81.487060546875","Sporting Goods Shop","Recreational & Sporting Goods","Apparel","411 Park Ave Suite 143","Beachwood","Ohio","OH","United States","US","44122","Cleveland-Akron (Canton), OH","510","Cleveland, OH","17410","124305","28958.648677380923","4.292500019073486"
"41","b9b368da0974d93f2381becd","venue","REI","147","59b221e8173f563bda9ae9bf","REI","42.34300231933594","-122.88160705566406","Sporting Goods Shop","Recreational & Sporting Goods","Apparel","85 Rossanley Dr","Medford","Oregon","OR","United States","US","97501","Medford-Klamath Falls, OR","813","Medford, OR Metro Area","32780","123964","24593.104859149225","5.040599822998047"
"42","1988bd2acef8afc6e1067582","venue","REI","72","59b221e8173f563bda9ae9bf","REI","46.89532470703125","-114.04127502441406","Sporting Goods Shop","Recreational & Sporting Goods","Apparel","3275 N Reserve St K-2","Missoula","Montana","MT","United States","US","59808","Missoula, MT","762","Missoula, MT Metro Area","33540","123780","25574.37935902054","4.840000152587891"
"43","7746229aa23c4fa45e01bdb5","venue","REI","136","59b221e8173f563bda9ae9bf","REI","45.69554901123047","-111.06513214111328","Sporting Goods Shop","Recreational & Sporting Goods","Apparel","2220 Tschache St","Bozeman","Montana","MT","United States","US","59718","Butte-Bozeman, MT","754","Bozeman, MT Micro Area","14580","123260","27524.45204188569","4.4781999588012695"
"44","602de7f97e3e53429b7d06c5","venue","REI","143","59b221e8173f563bda9ae9bf","REI","37.70677947998047","-121.92789459228516","Sporting Goods Shop","Recreational & Sporting Goods","Apparel","7099 Amador Plaza Rd","Dublin","California","CA","United States","US","94568","San Francisco-Oakland-San Jose, CA","807","San Francisco-Oakland-Berkeley, CA Metro Area","41860","122717","25328.587268142226","4.84499979019165"
"45","7097e644e038602cd8483092","venue","REI","131","59b221e8173f563bda9ae9bf","REI","29.548601150512695","-98.58248901367188","Sporting Goods Shop","Recreational & Sporting Goods","Apparel","11745 I-10 Suite 110","San Antonio","Texas","TX","United States","US","78230","San Antonio, TX","641","San Antonio-New Braunfels, TX Metro Area","41700","120922","27824.38582696777","4.345900058746338"
"46","b5d83823d4d0f00297162001","venue","REI","156","59b221e8173f563bda9ae9bf","REI","35.93360137939453","-84.01459503173828","Sporting Goods Shop","Recreational & Sporting Goods","Apparel","6700 Papermill Dr NW","Knoxville","Tennessee","TN","United States","US","37919","Knoxville, TN","557","Knoxville, TN Metro Area","28940","120166","23922.677710817068","5.023099899291992"
"47","5b6f8df3f8ffe75a61e8a98a","venue","REI","231","59b221e8173f563bda9ae9bf","REI","43.47308349609375","-110.78440856933594","Sporting Goods Shop","Recreational & Sporting Goods","Apparel","974 West Broadway","Jackson","Wyoming","WY","United States","US","83001","Idaho Falls-Pocatello, ID","758","Jackson, WY-ID Micro Area","27220","118797","16252.41076217422","7.309500217437744"
"48","fc2a82b9e615792296bbc69f","venue","REI","45","59b221e8173f563bda9ae9bf","REI","32.86628341674805","-96.7626724243164","Sporting Goods Shop","Recreational & Sporting Goods","Apparel","5929 E Northwest Hwy","Dallas","Texas","TX","United States","US","75231","Dallas-Ft. Worth, TX","623","Dallas-Fort Worth-Arlington, TX Metro Area","19100","115905","34480.14253905891","3.3615000247955322"
"49","c3eb091a7bb8620424241268","venue","REI","84","59b221e8173f563bda9ae9bf","REI","38.85808563232422","-77.3582992553711","Sporting Goods Shop","Recreational & Sporting Goods","Apparel","11950 Grand Commons Ave","Fairfax","Virginia","VA","United States","US","22030","Washington, DC (Hagerstown, MD)","511","Washington-Arlington-Alexandria, DC-VA-MD-WV Metro Area","47900","115718","23939.838154942034","4.833700180053711"
"50","73365c3dc070f3ca70219389","venue","REI","233","59b221e8173f563bda9ae9bf","REI","38.620731353759766","-90.51590728759766","Sporting Goods Shop","Recreational & Sporting Goods","Apparel","1214 Town And Country Crossing Dr","Town And Country","Missouri","MO","United States","US","63017","St. Louis, MO","609","St. Louis, MO-IL Metro Area","41180","115580","24544.488699243146","4.709000110626221"
"51","5adafa677664c919a0d90a7a","venue","REI","129","59b221e8173f563bda9ae9bf","REI","32.2876091003418","-110.97368621826172","Sporting Goods Shop","Recreational & Sporting Goods","Apparel","160 W Wetmore Rd","Tucson","Arizona","AZ","United States","US","85705","Tucson (Sierra Vista), AZ","789","Tucson, AZ Metro Area","46060","115088","15516.994640540499","7.416900157928467"
"52","ed28e9e9ec39e5fac97f7b52","venue","REI","56","59b221e8173f563bda9ae9bf","REI","33.602134704589844","-111.98916625976562","Sporting Goods Shop","Recreational & Sporting Goods","Apparel","12634 N Paradise Village Pkwy W","Phoenix","Arizona","AZ","United States","US","85032","Phoenix, AZ","753","Phoenix-Mesa-Chandler, AZ Metro Area","38060","113986","24574.421802264318","4.638400077819824"
"53","9c1ef65dffd87beede84c61c","venue","REI","36","59b221e8173f563bda9ae9bf","REI","45.39322280883789","-122.75240325927734","Sporting Goods Shop","Recreational & Sporting Goods","Apparel","7410 Sw Bridgeport Rd","Tigard","Oregon","OR","United States","US","97224","Portland, OR","820","Portland-Vancouver-Hillsboro, OR-WA Metro Area","38900","113728","29502.191084052116","3.8549001216888428"
"54","cc311f18243a411bd7f34b0f","venue","REI","47","59b221e8173f563bda9ae9bf","REI","43.611846923828125","-116.28562927246094","Sporting Goods Shop","Recreational & Sporting Goods","Apparel","8300 W Emerald St","Boise","Idaho","ID","United States","US","83704","Boise, ID","757","Boise City, ID Metro Area","14260","113419","25385.305197887057","4.467899799346924"
"55","419d6745064371aa5cdc856c","venue","REI","288","59b221e8173f563bda9ae9bf","REI","45.49943161010742","-122.80538177490234","Sporting Goods Shop","Recreational & Sporting Goods","Apparel","2780 Sw Cedar Hills Blvd","Beaverton","Oregon","OR","United States","US","97005","Portland, OR","820","Portland-Vancouver-Hillsboro, OR-WA Metro Area","38900","112285","40084.60784176877","2.8011999130249023"
"56","ec6abfdca68c2e9eba4f0b48","venue","REI","117","59b221e8173f563bda9ae9bf","REI","35.4857177734375","-82.5536117553711","Sporting Goods Shop","Recreational & Sporting Goods","Apparel","31 Schenck Parkway","Asheville","North Carolina","NC","United States","US","28803","Greenville-Spartanburg, SC-Asheville, NC-Anderson,SC","567","Asheville, NC Metro Area","11700","110219","15851.094120784617","6.953400135040283"
"57","e4f6f09e3b7402ae82527e5f","venue","REI","90","59b221e8173f563bda9ae9bf","REI","33.08122634887695","-117.23384857177734","Sporting Goods Shop","Recreational & Sporting Goods","Apparel","3415 Via Montebello","Carlsbad","California","CA","United States","US","92009","San Diego, CA","825","San Diego-Chula Vista-Carlsbad, CA Metro Area","41740","109815","24553.929740834687","4.472400188446045"
"58","ecca5b91e448dcf2ba7b408e","venue","REI","69","59b221e8173f563bda9ae9bf","REI","47.222267150878906","-122.46629333496094","Sporting Goods Shop","Recreational & Sporting Goods","Apparel","3825 S Steele St","Tacoma","Washington","WA","United States","US","98409","Seattle-Tacoma, WA","819","Seattle-Tacoma-Bellevue, WA Metro Area","42660","109318","19293.681986302","5.665999889373779"
"59","965e3f943562c954f36cdf35","venue","REI","14","59b221e8173f563bda9ae9bf","REI","33.90049743652344","-118.37967681884766","Sporting Goods Shop","Recreational & Sporting Goods","Apparel","1800 Rosecrans Ave e","Manhattan Beach","California","CA","United States","US","90266","Los Angeles, CA","803","Los Angeles-Long Beach-Anaheim, CA Metro Area","31080","109275","15299.47859957664","7.14240026473999"
"60","d0800115348473de85c20a6a","venue","REI","273","59b221e8173f563bda9ae9bf","REI","33.60822677612305","-117.70397186279297","Sporting Goods Shop","Recreational & Sporting Goods","Apparel","24271 Avenida De Ln","Laguna Hills","California","CA","United States","US","92653","Los Angeles, CA","803","Los Angeles-Long Beach-Anaheim, CA Metro Area","31080","109242","35417.58597303483","3.084399938583374"
"61","51431056dd22a2ed1b603426","venue","REI","113","59b221e8173f563bda9ae9bf","REI","36.66728973388672","-121.80962371826172","Sporting Goods Shop","Recreational & Sporting Goods","Apparel","145 General Stilwell Dr","Marina","California","CA","United States","US","93933","Monterey-Salinas, CA","828","Salinas, CA Metro Area","41500","109062","26813.68947553774","4.067399978637695"
"62","cb7d6e0583668e5aa960c05d","venue","REI","41","59b221e8173f563bda9ae9bf","REI","35.76413345336914","-78.74516296386719","Sporting Goods Shop","Recreational & Sporting Goods","Apparel","1751 Walnut St","Cary","North Carolina","NC","United States","US","27511","Raleigh-Durham (Fayetteville), NC","560","Raleigh-Cary, NC Metro Area","39580","109026","28389.96891885499","3.8403000831604004"
"63","b603e5dad3126e0e80f1fc6f","venue","REI","51","59b221e8173f563bda9ae9bf","REI","41.847171783447266","-87.96151733398438","Sporting Goods Shop","Recreational & Sporting Goods","Apparel","17W160 W 22nd St","Oakbrook Terrace","Illinois","IL","United States","US","60181","Chicago, IL","602","Chicago-Naperville-Elgin, IL-IN-WI Metro Area","16980","107686","28041.769042288906","3.8401999473571777"
"64","ff9b127fc9a974906c99e0da","venue","REI","74","59b221e8173f563bda9ae9bf","REI","38.77006530761719","-121.2628402709961","Sporting Goods Shop","Recreational & Sporting Goods","Apparel","1148 Galleria Blvd","Roseville","California","CA","United States","US","95678","Sacramento-Stockton-Modesto, CA","862","Sacramento-Roseville-Folsom, CA Metro Area","40900","107680","23352.344430474805","4.611100196838379"
"65","4c81d3d804cc6510380bed0b","venue","REI","174","59b221e8173f563bda9ae9bf","REI","28.600831985473633","-81.36459350585938","Sporting Goods Shop","Recreational & Sporting Goods","Apparel","430 Orlando Ave","Winter Park","Florida","FL","United States","US","32789","Orlando-Daytona Beach-Melbourne, FL","534","Orlando-Kissimmee-Sanford, FL Metro Area","36740","105736","25403.873110128054","4.162199974060059"
"66","7bf564c32f9f45b01a9daf6e","venue","REI","25","59b221e8173f563bda9ae9bf","REI","33.3170166015625","-111.97078704833984","Sporting Goods Shop","Recreational & Sporting Goods","Apparel","870 N 54th St","Chandler","Arizona","AZ","United States","US","85226","Phoenix, AZ","753","Phoenix-Mesa-Chandler, AZ Metro Area","38060","104787","26490.128700831177","3.955699920654297"
"67","468036e9af2c81df9e0319d7","venue","REI","155","59b221e8173f563bda9ae9bf","REI","35.19132614135742","-111.64443969726562","Sporting Goods Shop","Recreational & Sporting Goods","Apparel","323 South Windsor Lane","Flagstaff","Arizona","AZ","United States","US","86001","Phoenix, AZ","753","Flagstaff, AZ Metro Area","22380","104557","24518.57233586359","4.264400005340576"
"68","619e3b479fc6ff2c389d1878","venue","REI","232","59b221e8173f563bda9ae9bf","REI","43.67593002319336","-70.33367919921875","Sporting Goods Shop","Recreational & Sporting Goods","Apparel","90 Rock Row Suite 100","Westbrook","Maine","ME","United States","US","04092","Portland-Auburn, ME","500","Portland-South Portland, ME Metro Area","38860","104446","25292.6509793262","4.129499912261963"
"69","836fa0bbb8aca0a1ec3f6af7","venue","REI","145","59b221e8173f563bda9ae9bf","REI","34.82609176635742","-82.3016357421875","Sporting Goods Shop","Recreational & Sporting Goods","Apparel","1140 Woodruff Rd","Greenville","South Carolina","SC","United States","US","29607","Greenville-Spartanburg, SC-Asheville, NC-Anderson,SC","567","Greenville-Anderson, SC Metro Area","24860","103662","23158.48210470518","4.476200103759766"
"70","5344da34dd8feced63191928","venue","REI","97","59b221e8173f563bda9ae9bf","REI","35.83741760253906","-78.64221954345703","Sporting Goods Shop","Recreational & Sporting Goods","Apparel","4291 The Cir At N Hills St","Raleigh","North Carolina","NC","United States","US","27609","Raleigh-Durham (Fayetteville), NC","560","Raleigh-Cary, NC Metro Area","39580","103154","10179.402937553232","10.133600234985352"
"71","7767e76d72d665ac73026852","venue","REI","58","59b221e8173f563bda9ae9bf","REI","42.41386413574219","-83.4354476928711","Sporting Goods Shop","Recreational & Sporting Goods","Apparel","17559 Haggerty Rd","Northville","Michigan","MI","United States","US","48168","Detroit, MI","505","Detroit-Warren-Dearborn, MI Metro Area","19820","103002","33778.90056984176","3.049299955368042"
"72","f3db46547a97df2aaae5bd23","venue","REI","","59b221e8173f563bda9ae9bf","REI","41.90657424926758","-87.65113830566406","Sporting Goods Shop","Recreational & Sporting Goods","Apparel","905 W Eastman St","Chicago","Illinois","IL","United States","US","60642","Chicago, IL","602","Chicago-Naperville-Elgin, IL-IN-WI Metro Area","16980","102674","38038.679325676065","2.699199914932251"
"73","fb186ab0cb039bc2ebf0ce9e","venue","REI","48","59b221e8173f563bda9ae9bf","REI","43.0566291809082","-89.51268005371094","Sporting Goods Shop","Recreational & Sporting Goods","Apparel","7483 W Towne Way","Madison","Wisconsin","WI","United States","US","53719","Madison, WI","669","Madison, WI Metro Area","31540","102348","25225.64210429821","4.057300090789795"
"74","d92536992d517176152e23b1","venue","REI","50","59b221e8173f563bda9ae9bf","REI","39.62046432495117","-105.09228515625","Sporting Goods Shop","Recreational & Sporting Goods","Apparel","5375 S Wadsworth Blvd","Lakewood","Colorado","CO","United States","US","80123","Denver, CO","751","Denver-Aurora-Lakewood, CO Metro Area","19740","101830","35634.79876048369","2.857599973678589"
"75","8edaa996a17302b745f16dc6","venue","REI","149","59b221e8173f563bda9ae9bf","REI","39.147884368896484","-84.44599151611328","Sporting Goods Shop","Recreational & Sporting Goods","Apparel","2643 Edmondson Rd","Cincinnati","Ohio","OH","United States","US","45209","Cincinnati, OH","515","Cincinnati, OH-KY-IN Metro Area","17140","101645","22152.60275942856","4.588399887084961"
"76","f4261829312f0d0a7622de12","venue","REI","166","59b221e8173f563bda9ae9bf","REI","36.84674072265625","-76.13613891601562","Sporting Goods Shop","Recreational & Sporting Goods","Apparel","350 Independence Blvd","Virginia Beach","Virginia","VA","United States","US","23462","Norfolk-Portsmouth-Newport News, VA","544","Virginia Beach-Norfolk-Newport News, VA-NC Metro Area","47260","101641","27993.335709311214","3.6308999061584473"
"77","f8ef6204af3816a34d03e50b","venue","REI","","59b221e8173f563bda9ae9bf","REI","35.10078048706055","-89.86495208740234","Sporting Goods Shop","Recreational & Sporting Goods","Apparel","5897 Poplar Ave","Memphis","Tennessee","TN","United States","US","38119","Memphis, TN","640","Memphis, TN-MS-AR Metro Area","32820","101592","22899.131824701486","4.436500072479248"
"78","6e638c1964f10780fcd4b239","venue","REI","93","59b221e8173f563bda9ae9bf","REI","34.1077880859375","-117.53885650634766","Sporting Goods Shop","Recreational & Sporting Goods","Apparel","12218 Foothill Blvd","Rancho Cucamonga","California","CA","United States","US","91739","Los Angeles, CA","803","Riverside-San Bernardino-Ontario, CA Metro Area","40140","100041","24134.18059765465","4.145199775695801"
"79","d82ab5f1de0b5b013110e46d","venue","REI","89","59b221e8173f563bda9ae9bf","REI","45.537254333496094","-122.87810516357422","Sporting Goods Shop","Recreational & Sporting Goods","Apparel","2235 Ne Allie Ave","Hillsboro","Oregon","OR","United States","US","97124","Portland, OR","820","Portland-Vancouver-Hillsboro, OR-WA Metro Area","38900","98193","9606.985883175126","10.220999717712402"
"80","e0b8f1e396781a7851ceb13d","venue","REI","67","59b221e8173f563bda9ae9bf","REI","39.502235412597656","-119.78670501708984","Sporting Goods Shop","Recreational & Sporting Goods","Apparel","2225 Harvard Way","Reno","Nevada","NV","United States","US","89502","Reno, NV","811","Reno, NV Metro Area","39900","97668","20433.063136854027","4.779900074005127"
"81","1f43da26211dc53eed6e8b7b","venue","REI","284","59b221e8173f563bda9ae9bf","REI","30.633554458618164","-96.33098602294922","Sporting Goods Shop","Recreational & Sporting Goods","Apparel","615 University Dr E","College Station","Texas","TX","United States","US","77840","Waco-Temple-Bryan, TX","625","College Station-Bryan, TX Metro Area","17780","97472","38598.18595761506","2.5253000259399414"
"82","ee7e5c298993277496153dc7","venue","REI","95","59b221e8173f563bda9ae9bf","REI","33.030555725097656","-96.79285430908203","Sporting Goods Shop","Recreational & Sporting Goods","Apparel","2424 Preston Rd","Plano","Texas","TX","United States","US","75093","Dallas-Ft. Worth, TX","623","Dallas-Fort Worth-Arlington, TX Metro Area","19100","97242","28081.898830875936","3.4628000259399414"
"83","1293d376cd42051fd7cadcfa","venue","REI","132","59b221e8173f563bda9ae9bf","REI","34.2388916015625","-119.17627716064453","Sporting Goods Shop","Recreational & Sporting Goods","Apparel","2700 Seaglass Way","Oxnard","California","CA","United States","US","93036","Los Angeles, CA","803","Oxnard-Thousand Oaks-Ventura, CA Metro Area","37100","96552","16139.612381904626","5.9822998046875"
"84","9deed2b6cecf7d3bca4ab1c4","venue","REI","94","59b221e8173f563bda9ae9bf","REI","39.87964630126953","-74.9233169555664","Sporting Goods Shop","Recreational & Sporting Goods","Apparel","501 NJ-73","Marlton","New Jersey","NJ","United States","US","8053","Philadelphia, PA","504","Philadelphia-Camden-Wilmington, PA-NJ-DE-MD Metro Area","37980","96479","19317.822748292263","4.99429988861084"
"85","fde41edc13b890c76ad105fb","venue","REI","49","59b221e8173f563bda9ae9bf","REI","40.531715393066406","-105.07847595214844","Sporting Goods Shop","Recreational & Sporting Goods","Apparel","4025 S College Ave","Fort Collins","Colorado","CO","United States","US","80525","Denver, CO","751","Fort Collins, CO Metro Area","22660","96415","30652.698718782507","3.145400047302246"
"86","6774c644a74a09cd664c7fa8","venue","REI","73","59b221e8173f563bda9ae9bf","REI","38.626243591308594","-90.34786224365234","Sporting Goods Shop","Recreational & Sporting Goods","Apparel","1703 S Brentwood Blvd","St. Louis","Missouri","MO","United States","US","63144","St. Louis, MO","609","St. Louis, MO-IL Metro Area","41180","96323","12712.383701030752","7.577099800109863"
"87","ee19798d84e06890c490b1f5","venue","REI","197","59b221e8173f563bda9ae9bf","REI","44.01871871948242","-71.11637878417969","Sporting Goods Shop","Recreational & Sporting Goods","Apparel","1498 White Mountain Hwy","North Conway","New Hampshire","NH","United States","US","03860","Portland-Auburn, ME","500","","","96303","27562.393004168298","3.49399995803833"
"88","6fa5d5dc858a89f7925331ab","venue","REI","144","59b221e8173f563bda9ae9bf","REI","38.626922607421875","-77.28749084472656","Sporting Goods Shop","Recreational & Sporting Goods","Apparel","15200 Potomac Town Pl #140","Woodbridge","Virginia","VA","United States","US","22191","Washington, DC (Hagerstown, MD)","511","Washington-Arlington-Alexandria, DC-VA-MD-WV Metro Area","47900","96069","13776.09860469607","6.973599910736084"
"89","51d761544808ab69f92d71a6","venue","REI","140","59b221e8173f563bda9ae9bf","REI","40.91407012939453","-74.05522918701172","Sporting Goods Shop","Recreational & Sporting Goods","Apparel","2200 Bergen Town Center Dr","Paramus","New Jersey","NJ","United States","US","07652","New York, NY","501","New York-Newark-Jersey City, NY-NJ-PA Metro Area","35620","95803","32411.86757226685","2.9558000564575195"
"90","5e3827f5e7711f1d8175c104","venue","REI","206","59b221e8173f563bda9ae9bf","REI","33.451717376708984","-86.72875213623047","Sporting Goods Shop","Recreational & Sporting Goods","Apparel","335 Summit Blvd","Birmingham","Alabama","AL","United States","US","35243","Birmingham (Anniston and Tuscaloosa), AL","630","Birmingham-Hoover, AL Metro Area","13820","95713","26973.566119028685","3.5483999252319336"
"91","339002cba0b1f2027410c272","venue","REI","106","59b221e8173f563bda9ae9bf","REI","35.08097457885742","-80.87704467773438","Sporting Goods Shop","Recreational & Sporting Goods","Apparel","11067 Carolina Pl Pkwy","Pineville","North Carolina","NC","United States","US","28134","Charlotte, NC","517","Charlotte-Concord-Gastonia, NC-SC Metro Area","16740","95640","14120.356626770663","6.773200035095215"
"92","c9b09dca191ab922100c1f6e","venue","REI","57","59b221e8173f563bda9ae9bf","REI","42.30540466308594","-71.3936538696289","Sporting Goods Shop","Recreational & Sporting Goods","Apparel","375 Cochituate Rd","Framingham","Massachusetts","MA","United States","US","01701","Boston, MA (Manchester, NH)","506","Boston-Cambridge-Newton, MA-NH Metro Area","14460","95308","22136.337086157844","4.305500030517578"
"93","d344922763096ab8b6193537","venue","REI","78","59b221e8173f563bda9ae9bf","REI","47.45640563964844","-122.25325775146484","Sporting Goods Shop","Recreational & Sporting Goods","Apparel","240 Andover Park W","Tukwila","Washington","WA","United States","US","98188","Seattle-Tacoma, WA","819","Seattle-Tacoma-Bellevue, WA Metro Area","42660","94847","16067.04797353906","5.903200149536133"
"94","39b57e7014646cbe82eefd4c","venue","REI","214","59b221e8173f563bda9ae9bf","REI","44.44343185424805","-73.11405181884766","Sporting Goods Shop","Recreational & Sporting Goods","Apparel","244 Retail Way","Williston","Vermont","VT","United States","US","05495","Burlington, VT-Plattsburgh, NY","523","Burlington-South Burlington, VT Metro Area","15540","94298","32020.781300483508","2.9449000358581543"
"95","2986c5d519548937fbdf7c69","venue","REI","42","59b221e8173f563bda9ae9bf","REI","45.016544342041016","-93.18295288085938","Sporting Goods Shop","Recreational & Sporting Goods","Apparel","1955 County Rd B2 W","Roseville","Minnesota","MN","United States","US","55113","Minneapolis-St. Paul, MN","613","Minneapolis-St. Paul-Bloomington, MN-WI Metro Area","33460","93463","17986.79841181527","5.196199893951416"
"96","6c57f1cd0d75cbdbb88165b4","venue","REI","194","59b221e8173f563bda9ae9bf","REI","42.91310501098633","-85.58898162841797","Sporting Goods Shop","Recreational & Sporting Goods","Apparel","3149 28th St SE","Kentwood","Michigan","MI","United States","US","49512","Grand Rapids-Kalamazoo-Battle Creek, MI","563","Grand Rapids-Kentwood, MI Metro Area","24340","93158","20669.165943474418","4.5071001052856445"
"97","c7cbb68c99bf762d61f64935","venue","REI","160","59b221e8173f563bda9ae9bf","REI","64.84980773925781","-147.70391845703125","Sporting Goods Shop","Recreational & Sporting Goods","Apparel","19 College Rd A","Fairbanks","Alaska","AK","United States","US","99701","Fairbanks, AK","745","Fairbanks, AK Metro Area","21820","92991","27752.709204464485","3.3506999015808105"
"98","5ffed84ccd5e906f51b3b609","venue","REI","154","59b221e8173f563bda9ae9bf","REI","40.05548095703125","-82.90817260742188","Sporting Goods Shop","Recreational & Sporting Goods","Apparel","4150 Worth Ave","Columbus","Ohio","OH","United States","US","43219","Columbus, OH","535","Columbus, OH Metro Area","18140","92909","23960.43972758451","3.8775999546051025"
"99","4779e3cf307675c782ff7336","venue","REI","158","59b221e8173f563bda9ae9bf","REI","40.098663330078125","-83.09009552001953","Sporting Goods Shop","Recreational & Sporting Goods","Apparel","6424 Sawmill Rd","Columbus","Ohio","OH","United States","US","43235","Columbus, OH","535","Columbus, OH Metro Area","18140","92874","29988.376974199444","3.0969998836517334"
"100","dd913fce7908bd61e4afe28b","venue","REI","103","59b221e8173f563bda9ae9bf","REI","30.271684646606445","-97.7533187866211","Sporting Goods Shop","Recreational & Sporting Goods","Apparel","601 N Lamar Blvd","Austin","Texas","TX","United States","US","78703","Austin, TX","635","Austin-Round Rock-Georgetown, TX Metro Area","12420","92296","20275.922467452092","4.552000045776367"
"101","b0042beba25c6a8f90861fc5","venue","REI","239","59b221e8173f563bda9ae9bf","REI","41.09914779663086","-96.24769592285156","Sporting Goods Shop","Recreational & Sporting Goods","Apparel","21201 Nebraska Crossing Dr","Gretna","Nebraska","NE","United States","US","68028","Omaha, NE","652","Omaha-Council Bluffs, NE-IA Metro Area","36540","92126","22770.212562200446","4.045899868011475"
"102","11b87013709f8c909167a12d","venue","REI","151","59b221e8173f563bda9ae9bf","REI","38.883052825927734","-94.65791320800781","Sporting Goods Shop","Recreational & Sporting Goods","Apparel","6281 W 135 St","Overland Park","Kansas","KS","United States","US","66223","Kansas City, MO","616","Kansas City, MO-KS Metro Area","28140","90714","25086.1420237841","3.6161000728607178"
"103","bddaa5deda58d30ad9b69506","venue","REI","137","59b221e8173f563bda9ae9bf","REI","39.19833755493164","-76.8108139038086","Sporting Goods Shop","Recreational & Sporting Goods","Apparel","6100 Dobbin Rd","Columbia","Maryland","MD","United States","US","21045","Baltimore, MD","512","Baltimore-Columbia-Towson, MD Metro Area","12580","90504","27130.30910622588","3.335900068283081"
"104","a1fc8a7c1831ede3bb62fbb6","venue","REI","181","59b221e8173f563bda9ae9bf","REI","42.953941345214844","-71.47622680664062","Sporting Goods Shop","Recreational & Sporting Goods","Apparel","7 Market St #1","Bedford","New Hampshire","NH","United States","US","03110","Boston, MA (Manchester, NH)","506","Manchester-Nashua, NH Metro Area","31700","90470","24555.546869186026","3.684299945831299"
"105","92390f5648a1c14c2aafbcf4","venue","REI","125","59b221e8173f563bda9ae9bf","REI","34.007843017578125","-84.57396697998047","Sporting Goods Shop","Recreational & Sporting Goods","Apparel","740 Ernest W Barrett Pkwy NW","Kennesaw","Georgia","GA","United States","US","30144","Atlanta, GA","524","Atlanta-Sandy Springs-Alpharetta, GA Metro Area","12060","90030","28392.568979840853","3.1709001064300537"
"106","6c0b1b9723cc1891fcf920a6","venue","REI","108","59b221e8173f563bda9ae9bf","REI","36.087276458740234","-79.83966064453125","Sporting Goods Shop","Recreational & Sporting Goods","Apparel","3334 W Friendly Ave Ste 140","Greensboro","North Carolina","NC","United States","US","27410","Greensboro-High Point-Winston Salem, NC","518","Greensboro-High Point, NC Metro Area","24660","89115","16027.30055824815","5.560200214385986"
"107","9f26c3e46c6f6cf3d2bf7352","venue","REI","86","59b221e8173f563bda9ae9bf","REI","38.6439094543457","-121.12135314941406","Sporting Goods Shop","Recreational & Sporting Goods","Apparel","2425 Iron Point Rd","Folsom","California","CA","United States","US","95630","Sacramento-Stockton-Modesto, CA","862","Sacramento-Roseville-Folsom, CA Metro Area","40900","88673","22809.77463983156","3.887500047683716"
"108","c65a6b347d67d230e2d1dd6f","venue","REI","54","59b221e8173f563bda9ae9bf","REI","33.92881774902344","-84.3488540649414","Sporting Goods Shop","Recreational & Sporting Goods","Apparel","1165 Perimeter Center W #200","Atlanta","Georgia","GA","United States","US","30338","Atlanta, GA","524","Atlanta-Sandy Springs-Alpharetta, GA Metro Area","12060","88590","35668.55847331477","2.4837000370025635"
"109","de96f666ae0e99493b8187c0","venue","REI","124","59b221e8173f563bda9ae9bf","REI","42.24814987182617","-83.75780487060547","Sporting Goods Shop","Recreational & Sporting Goods","Apparel","970 W Eisenhower Pkwy","Ann Arbor","Michigan","MI","United States","US","48103","Detroit, MI","505","Ann Arbor, MI Metro Area","11460","87292","25340.223679932184","3.4447999000549316"
"110","a72c4809e56e028dbe277794","venue","REI","157","59b221e8173f563bda9ae9bf","REI","32.94021224975586","-97.13627624511719","Sporting Goods Shop","Recreational & Sporting Goods","Apparel","1011 E Southlake Blvd","Southlake","Texas","TX","United States","US","76092","Dallas-Ft. Worth, TX","623","Dallas-Fort Worth-Arlington, TX Metro Area","19100","87067","23136.42617117772","3.763200044631958"
"111","d393fc035ef52b34819f47ec","venue","REI","152","59b221e8173f563bda9ae9bf","REI","38.91832733154297","-77.22881317138672","Sporting Goods Shop","Recreational & Sporting Goods","Apparel","8209 Watson St","Mclean","Virginia","VA","United States","US","22102","Washington, DC (Hagerstown, MD)","511","Washington-Arlington-Alexandria, DC-VA-MD-WV Metro Area","47900","86418","18025.907566732934","4.794099807739258"
"112","42696d82a35a176bb8e165ec","venue","REI","164","59b221e8173f563bda9ae9bf","REI","34.0423583984375","-84.30570983886719","Sporting Goods Shop","Recreational & Sporting Goods","Apparel","7531 North Point Pkwy","Alpharetta","Georgia","GA","United States","US","30022","Atlanta, GA","524","Atlanta-Sandy Springs-Alpharetta, GA Metro Area","12060","86395","26017.105374236475","3.32069993019104"
"113","9ee8e53abe3fcffb440861cc","venue","REI","191","59b221e8173f563bda9ae9bf","REI","48.231849670410156","-114.33363342285156","Sporting Goods Shop","Recreational & Sporting Goods","Apparel","2270 US-93","Kalispell","Montana","MT","United States","US","59901","Missoula, MT","762","Kalispell, MT Micro Area","28060","85594","20570.042016813462","4.161099910736084"
"114","a5d506cf0f6f0015b83d2ab6","venue","REI","227","59b221e8173f563bda9ae9bf","REI","40.24798583984375","-77.00338745117188","Sporting Goods Shop","Recreational & Sporting Goods","Apparel","6391 Carlisle Pike Suite 100a","Mechanicsburg","Pennsylvania","PA","United States","US","17050","Harrisburg-Lancaster-Lebanon-York, PA","566","Harrisburg-Carlisle, PA Metro Area","25420","84900","22496.621341087597","3.773900032043457"
"115","a7028054482c705dc4febc38","venue","REI","127","59b221e8173f563bda9ae9bf","REI","37.64799880981445","-77.59716033935547","Sporting Goods Shop","Recreational & Sporting Goods","Apparel","2020 Old Brick Rd","Glen Allen","Virginia","VA","United States","US","23060","Richmond-Petersburg, VA","556","Richmond, VA Metro Area","40060","84311","27376.367889073157","3.079699993133545"
"116","68e0b67afcd1fc785be98953","venue","REI","109","59b221e8173f563bda9ae9bf","REI","45.09114456176758","-93.42765808105469","Sporting Goods Shop","Recreational & Sporting Goods","Apparel","11581 Fountains Drive The Fountains","Maple Grove","Minnesota","MN","United States","US","55369","Minneapolis-St. Paul, MN","613","Minneapolis-St. Paul-Bloomington, MN-WI Metro Area","33460","83612","25099.662859307995","3.331200122833252"
"117","d71f450178027c05c1b775a7","venue","REI","55","59b221e8173f563bda9ae9bf","REI","29.739910125732422","-95.50228118896484","Sporting Goods Shop","Recreational & Sporting Goods","Apparel","7538 Westheimer Rd","Houston","Texas","TX","United States","US","77063","Houston, TX","618","Houston-The Woodlands-Sugar Land, TX Metro Area","26420","83354","27754.137563545144","3.0032999515533447"
"118","e1f8eebbb9ec6aa8f3e25d80","venue","REI","178","59b221e8173f563bda9ae9bf","REI","34.018638610839844","-81.03453063964844","Sporting Goods Shop","Recreational & Sporting Goods","Apparel","2300 Bull Street","Columbia","South Carolina","SC","United States","US","29201","Columbia, SC","546","Columbia, SC Metro Area","17900","83013","20466.211931968206","4.056099891662598"
"119","8ddbbfbf1acb4b561206b04c","venue","REI","85","59b221e8173f563bda9ae9bf","REI","35.902950286865234","-78.93612670898438","Sporting Goods Shop","Recreational & Sporting Goods","Apparel","6911 Fayetteville Rd Suite 109","Durham","North Carolina","NC","United States","US","27713","Raleigh-Durham (Fayetteville), NC","560","Durham-Chapel Hill, NC Metro Area","20500","82804","23805.88153634151","3.478300094604492"
"120","f79d1bee805fc33b9584ce50","venue","REI","40","59b221e8173f563bda9ae9bf","REI","42.10801696777344","-87.80101776123047","Sporting Goods Shop","Recreational & Sporting Goods","Apparel","888 Willow Road","Northbrook","Illinois","IL","United States","US","60062","Chicago, IL","602","Chicago-Naperville-Elgin, IL-IN-WI Metro Area","16980","82762","26008.610195108227","3.1821000576019287"
"121","db7fec3cf598bf17aa48c32c","venue","REI","177","59b221e8173f563bda9ae9bf","REI","35.04378128051758","-85.15312957763672","Sporting Goods Shop","Recreational & Sporting Goods","Apparel","2507 Lifestyle Way","Chattanooga","Tennessee","TN","United States","US","37421","Chattanooga, TN","575","Chattanooga, TN-GA Metro Area","16860","82623","25402.140181125116","3.2525999546051025"
"122","b18d407756245661aed77020","venue","REI","77","59b221e8173f563bda9ae9bf","REI","38.411128997802734","-122.7145004272461","Sporting Goods Shop","Recreational & Sporting Goods","Apparel","2715 Santa Rosa Ave","Santa Rosa","California","CA","United States","US","95407","San Francisco-Oakland-San Jose, CA","807","Santa Rosa-Petaluma, CA Metro Area","42220","81442","30823.556207572692","2.642199993133545"
"123","bc95fa7cd13cec760c5de06a","venue","REI","133","59b221e8173f563bda9ae9bf","REI","40.806427001953125","-74.3693618774414","Sporting Goods Shop","Recreational & Sporting Goods","Apparel","280 NJ-10","East Hanover","New Jersey","NJ","United States","US","07936","New York, NY","501","New York-Newark-Jersey City, NY-NJ-PA Metro Area","35620","80865","25165.717567360316","3.2132999897003174"
"124","1303d5074384493fdcb76eb2","venue","REI","171","59b221e8173f563bda9ae9bf","REI","43.110836029052734","-77.61509704589844","Sporting Goods Shop","Recreational & Sporting Goods","Apparel","450 E Henrietta Road","Rochester","New York","NY","United States","US","14620","Rochester, NY","538","Rochester, NY Metro Area","40380","79930","27379.850590047787","2.919300079345703"
"125","e4f1bea0344733f6e61be292","venue","REI","68","59b221e8173f563bda9ae9bf","REI","38.933929443359375","-104.80101776123047","Sporting Goods Shop","Recreational & Sporting Goods","Apparel","E Woodmen Rd","Colorado Springs","Colorado","CO","United States","US","80920","Colorado Springs-Pueblo, CO","752","Colorado Springs, CO Metro Area","17820","79161","20478.321027992595","3.865600109100342"
"126","159854aaf4b9291dafaff876","venue","REI","66","59b221e8173f563bda9ae9bf","REI","42.56098175048828","-83.13230895996094","Sporting Goods Shop","Recreational & Sporting Goods","Apparel","766 E Big Beaver Rd","Troy","Michigan","MI","United States","US","48083","Detroit, MI","505","Detroit-Warren-Dearborn, MI Metro Area","19820","79099","20622.32820858108","3.835599899291992"
"127","89afae87c5e1e4d25cc80714","venue","REI","229","59b221e8173f563bda9ae9bf","REI","36.98727798461914","-121.981689453125","Sporting Goods Shop","Recreational & Sporting Goods","Apparel","1662 Commercial Wa","Santa Cruz","California","CA","United States","US","95065","Monterey-Salinas, CA","828","Santa Cruz-Watsonville, CA Metro Area","42100","78885","21598.12715953417","3.652400016784668"
"128","18f3a72dd4fbeafe8773a831","venue","REI","81","59b221e8173f563bda9ae9bf","REI","40.5644416809082","-111.89830017089844","Sporting Goods Shop","Recreational & Sporting Goods","Apparel","230 W 10600 S Suite 1700","Sandy","Utah","UT","United States","US","84070","Salt Lake City, UT","770","Salt Lake City, UT Metro Area","41620","78765","20537.926344566484","3.835099935531616"
"129","6d844fbca904d6385d1eb60c","venue","REI","46","59b221e8173f563bda9ae9bf","REI","37.96867752075195","-122.05641174316406","Sporting Goods Shop","Recreational & Sporting Goods","Apparel","1975 Diamond Blvd D - 100","Concord","California","CA","United States","US","94520","San Francisco-Oakland-San Jose, CA","807","San Francisco-Oakland-Berkeley, CA Metro Area","41860","78373","22471.899879512348","3.487600088119507"
"130","dbf7a1292a0a9a0790633c5f","venue","REI","75","59b221e8173f563bda9ae9bf","REI","46.210906982421875","-119.16061401367188","Sporting Goods Shop","Recreational & Sporting Goods","Apparel","129 N Ely St Main 2","Kennewick","Washington","WA","United States","US","99336","Yakima-Pasco-Richland-Kennewick, WA","810","Kennewick-Richland, WA Metro Area","28420","78302","20467.365210680768","3.825700044631958"
"131","bad7f7caafa5a843bf7c1864","venue","REI","60","59b221e8173f563bda9ae9bf","REI","43.090057373046875","-88.0749740600586","Sporting Goods Shop","Recreational & Sporting Goods","Apparel","13100 W Capitol Dr","Brookfield","Wisconsin","WI","United States","US","53005","Milwaukee, WI","617","Milwaukee-Waukesha, WI Metro Area","33340","77825","23845.63526055687","3.263700008392334"
"132","a59c5b1646b15fd1f4890036","venue","REI","236","59b221e8173f563bda9ae9bf","REI","33.94727325439453","-83.41024780273438","Sporting Goods Shop","Recreational & Sporting Goods","Apparel","196 Alps Rd Suite 56","Athens","Georgia","GA","United States","US","30606","Atlanta, GA","524","Athens-Clarke County, GA Metro Area","12020","77699","17304.514734789922","4.490099906921387"
"133","d6d5af84292fd5964f9dc56b","venue","REI","292","59b221e8173f563bda9ae9bf","REI","38.30924606323242","-85.57516479492188","Sporting Goods Shop","Recreational & Sporting Goods","Apparel","4350 Summit Plaza Dr","Louisville","Kentucky","KY","United States","US","40241","Louisville, KY","529","Louisville/Jefferson County, KY-IN Metro Area","31140","76851","31872.51099729406","2.4112000465393066"
"134","5fccdc238ba88205e8983efd","venue","REI","221","59b221e8173f563bda9ae9bf","REI","26.366270065307617","-80.19695281982422","Sporting Goods Shop","Recreational & Sporting Goods","Apparel","9560 Glades Rd","Boca Raton","Florida","FL","United States","US","33434","West Palm Beach-Ft. Pierce, FL","548","Miami-Fort Lauderdale-Pompano Beach, FL Metro Area","33100","75660","20668.74312843399","3.660599946975708"
"135","35ad83f45be08c94642928b2","venue","REI","161","59b221e8173f563bda9ae9bf","REI","40.29664993286133","-74.68519592285156","Sporting Goods Shop","Recreational & Sporting Goods","Apparel","3371 US-1","Lawrenceville","New Jersey","NJ","United States","US","08648","Philadelphia, PA","504","Trenton-Princeton, NJ Metro Area","45940","75637","26573.798619512563","2.846299886703491"
"136","193b008651384e10dbe9c965","venue","REI","175","59b221e8173f563bda9ae9bf","REI","32.698997497558594","-97.41383361816406","Sporting Goods Shop","Recreational & Sporting Goods","Apparel","5924 Convair Dr","Fort Worth","Texas","TX","United States","US","76109","Dallas-Ft. Worth, TX","623","Dallas-Fort Worth-Arlington, TX Metro Area","19100","75111","22690.774136099975","3.3101999759674072"
"137","5e428d4de5ea477914d42647","venue","REI","172","59b221e8173f563bda9ae9bf","REI","35.5264892578125","-97.53730773925781","Sporting Goods Shop","Recreational & Sporting Goods","Apparel","1731 Belle Isle Blvd","Oklahoma City","Oklahoma","OK","United States","US","73118","Oklahoma City, OK","650","Oklahoma City, OK Metro Area","36420","75028","20963.982768097652","3.578900098800659"
"138","56964562d8f78ab353a99f14","venue","REI","146","59b221e8173f563bda9ae9bf","REI","39.91014862060547","-86.07422637939453","Sporting Goods Shop","Recreational & Sporting Goods","Apparel","8490 Castleton Corner Dr","Indianapolis","Indiana","IN","United States","US","46250","Indianapolis, IN","527","Indianapolis-Carmel-Anderson, IN Metro Area","26900","74527","18969.888401873948","3.9286999702453613"
"139","5b705ce7abc9bb3be7b0f072","venue","REI","62","59b221e8173f563bda9ae9bf","REI","39.438934326171875","-76.62877655029297","Sporting Goods Shop","Recreational & Sporting Goods","Apparel","63 W Aylesbury Rd","Timonium","Maryland","MD","United States","US","21093","Baltimore, MD","512","Baltimore-Columbia-Towson, MD Metro Area","12580","74425","23830.488614178954","3.1231000423431396"
"140","1e01ddd611e1a82ade086c0b","venue","REI","43","59b221e8173f563bda9ae9bf","REI","44.05635070800781","-123.09917449951172","Sporting Goods Shop","Recreational & Sporting Goods","Apparel","306 Lawrence St, Eugene Planing Mill Bldg","Eugene","Oregon","OR","United States","US","97401","Eugene, OR","801","Eugene-Springfield, OR Metro Area","21660","74209","9607.213713462244","7.724299907684326"
"141","4a8dded5db6c8f56e7624a1f","venue","REI","135","59b221e8173f563bda9ae9bf","REI","41.10356521606445","-73.4325180053711","Sporting Goods Shop","Recreational & Sporting Goods","Apparel","189 Connecticut Ave","Norwalk","Connecticut","CT","United States","US","06854","New York, NY","501","Bridgeport-Stamford-Norwalk, CT Metro Area","14860","73812","25273.754147466847","2.9205000400543213"
"142","c36e116f52c0ece4e6ec0b0e","venue","REI","279","59b221e8173f563bda9ae9bf","REI","27.382190704345703","-82.45813751220703","Sporting Goods Shop","Recreational & Sporting Goods","Apparel","161 N Cattlemen Rd","Sarasota","Florida","FL","United States","US","34243","Tampa-St. Petersburg (Sarasota), FL","539","North Port-Sarasota-Bradenton, FL Metro Area","35840","73712","28125.762929258966","2.620800018310547"
"143","c67bf91be5ee10217ffe1593","venue","REI","159","59b221e8173f563bda9ae9bf","REI","45.00817108154297","-123.00067901611328","Sporting Goods Shop","Recreational & Sporting Goods","Apparel","6035 Ulali Dr","Keizer","Oregon","OR","United States","US","97303","Portland, OR","820","Salem, OR Metro Area","41420","73501","22336.65551211268","3.290600061416626"
"144","3007616f00d91a4e565d0bde","venue","REI","153","59b221e8173f563bda9ae9bf","REI","47.66260528564453","-122.68893432617188","Sporting Goods Shop","Recreational & Sporting Goods","Apparel","10903 NW Myhre Pl","Silverdale","Washington","WA","United States","US","98383","Seattle-Tacoma, WA","819","Bremerton-Silverdale-Port Orchard, WA Metro Area","14740","73434","25796.185481567096","2.8466999530792236"
"145","a6e11ae687d0c9162ac0492e","venue","REI","150","59b221e8173f563bda9ae9bf","REI","30.253400802612305","-81.53207397460938","Sporting Goods Shop","Recreational & Sporting Goods","Apparel","4862 Big Island Drive","Jacksonville","Florida","FL","United States","US","32246","Jacksonville, FL","561","Jacksonville, FL Metro Area","27260","73428","25049.63732216717","2.931299924850464"
"146","1b1342ef0a3d727d0dad235f","venue","REI","180","59b221e8173f563bda9ae9bf","REI","42.24171829223633","-87.94158935546875","Sporting Goods Shop","Recreational & Sporting Goods","Apparel","901 N Milwaukee Ave Unit 100","Vernon Hills","Illinois","IL","United States","US","60061","Chicago, IL","602","Chicago-Naperville-Elgin, IL-IN-WI Metro Area","16980","72296","25427.687396275716","2.8431999683380127"
"147","7043b0656ae9133ae200585f","venue","REI","91","59b221e8173f563bda9ae9bf","REI","39.05084991455078","-77.11592102050781","Sporting Goods Shop","Recreational & Sporting Goods","Apparel","910 Rose Avenue","North Bethesda","Maryland","MD","United States","US","20852","Washington, DC (Hagerstown, MD)","511","Washington-Arlington-Alexandria, DC-VA-MD-WV Metro Area","47900","71913","20649.820078835248","3.4825000762939453"
"148","43fbb9362753b334e858b6de","venue","REI","34","59b221e8173f563bda9ae9bf","REI","38.8488655090332","-77.12320709228516","Sporting Goods Shop","Recreational & Sporting Goods","Apparel","3509 Carlin Springs Rd","Bailey's Crossroads","Virginia","VA","United States","US","22041","Washington, DC (Hagerstown, MD)","511","Washington-Arlington-Alexandria, DC-VA-MD-WV Metro Area","47900","71585","20682.730317327947","3.4611001014709473"
"149","eef90c1bc94ac3586584c014","venue","REI","195","59b221e8173f563bda9ae9bf","REI","35.26095962524414","-120.67717742919922","Sporting Goods Shop","Recreational & Sporting Goods","Apparel","313 Madonna Rd Suite B","San Luis Obispo","California","CA","United States","US","93405","Santa Barbara-Santa Maria-San Luis Obispo, CA","855","San Luis Obispo-Paso Robles, CA Metro Area","42020","71095","26528.975645255494","2.6798999309539795"
"150","1e468e4866bb14f7d6681af7","venue","REI","70","59b221e8173f563bda9ae9bf","REI","39.08024978637695","-108.5805435180664","Sporting Goods Shop","Recreational & Sporting Goods","Apparel","925 Independent Ave","Grand Junction","Colorado","CO","United States","US","81505","Grand Junction-Montrose, CO","773","Grand Junction, CO Metro Area","24300","70912","24584.663251350423","2.884399890899658"
"151","15ba483545c3ac59f5b82068","venue","REI","92","59b221e8173f563bda9ae9bf","REI","29.95792579650879","-95.54725646972656","Sporting Goods Shop","Recreational & Sporting Goods","Apparel","17717 Tomball Pkwy","Houston","Texas","TX","United States","US","77064","Houston, TX","618","Houston-The Woodlands-Sugar Land, TX Metro Area","26420","70006","30674.786168045706","2.2822000980377197"
"152","2f8670e70d0964c87b556a58","venue","REI","138","59b221e8173f563bda9ae9bf","REI","40.744171142578125","-73.61785888671875","Sporting Goods Shop","Recreational & Sporting Goods","Apparel","144 Glen Cove Rd","Carle Place","New York","NY","United States","US","11514","New York, NY","501","New York-Newark-Jersey City, NY-NJ-PA Metro Area","35620","67643","25988.54948499739","2.602800130844116"
"153","94db06e959e46137632830fd","venue","REI","278","59b221e8173f563bda9ae9bf","REI","34.547611236572266","-112.43844604492188","Sporting Goods Shop","Recreational & Sporting Goods","Apparel","1761 AZ-69 Suite 26b","Prescott","Arizona","AZ","United States","US","86301","Phoenix, AZ","753","Prescott Valley-Prescott, AZ Metro Area","39150","66060","40106.855158865146","1.6470999717712402"
"154","41a768c40334e00a787fef6e","venue","REI","165","59b221e8173f563bda9ae9bf","REI","39.67367172241211","-75.64929962158203","Sporting Goods Shop","Recreational & Sporting Goods","Apparel","2300 Fashion Center Blvd","Newark","Delaware","DE","United States","US","19702","Philadelphia, PA","504","Philadelphia-Camden-Wilmington, PA-NJ-DE-MD Metro Area","37980","65529","23681.470757300132","2.7671000957489014"
"155","34d6daaee904e159487870de","venue","REI","289","59b221e8173f563bda9ae9bf","REI","33.66688919067383","-112.18840026855469","Sporting Goods Shop","Recreational & Sporting Goods","Apparel","6040 W Behrend Dr","Glendale","Arizona","AZ","United States","US","85308","Phoenix, AZ","753","Phoenix-Mesa-Chandler, AZ Metro Area","38060","64109","26465.07598273355","2.4223999977111816"
"156","6548ea176096141c1cd8c2c3","venue","REI","167","59b221e8173f563bda9ae9bf","REI","41.560279846191406","-93.78730010986328","Sporting Goods Shop","Recreational & Sporting Goods","Apparel","5901 Mills Civic Pkwy #4100","West Des Moines","Iowa","IA","United States","US","50266","Des Moines-Ames, IA","679","Des Moines-West Des Moines, IA Metro Area","19780","63069","23514.782687261162","2.6821000576019287"
"157","3a3ad3c03fde69ac8cff9fe5","venue","REI","39","59b221e8173f563bda9ae9bf","REI","34.2586669921875","-118.53853607177734","Sporting Goods Shop","Recreational & Sporting Goods","Apparel","18605 Devonshire St","Northridge","California","CA","United States","US","91324","Los Angeles, CA","803","Los Angeles-Long Beach-Anaheim, CA Metro Area","31080","61809","17173.937313998398","3.5989999771118164"
"158","33ae7ed784269a13afbbfbb6","venue","REI","238","59b221e8173f563bda9ae9bf","REI","32.828392028808594","-79.8361587524414","Sporting Goods Shop","Recreational & Sporting Goods","Apparel","1720 Shoremeade Rd","Mt Pleasant","South Carolina","SC","United States","US","29464","Charleston, SC","519","Charleston-North Charleston, SC Metro Area","16700","60225","24545.566401558466","2.4535999298095703"
"159","8e0fbecce8fe1ae8750c61ae","venue","REI","173","59b221e8173f563bda9ae9bf","REI","29.547204971313477","-95.15139770507812","Sporting Goods Shop","Recreational & Sporting Goods","Apparel","18750 Gulf Fwy","Friendswood","Texas","TX","United States","US","77546","Houston, TX","618","Houston-The Woodlands-Sugar Land, TX Metro Area","26420","60016","22851.92011366528","2.626300096511841"
"160","5f451ae3166f8e23f8ef9551","venue","REI","256","59b221e8173f563bda9ae9bf","REI","29.6256046295166","-82.3775634765625","Sporting Goods Shop","Recreational & Sporting Goods","Apparel","3650 SW 32nd Ct Suite 10","Gainesville","Florida","FL","United States","US","32608","Gainesville, FL","592","Gainesville, FL Metro Area","23540","55623","24210.229614691692","2.297499895095825"
"161","c4b7b5161df2edc0cd8f9085","venue","REI","115","59b221e8173f563bda9ae9bf","REI","35.34797668457031","-80.85785675048828","Sporting Goods Shop","Recreational & Sporting Goods","Apparel","9755 Northlake Centre Pkwy","Charlotte","North Carolina","NC","United States","US","28216","Charlotte, NC","517","Charlotte-Concord-Gastonia, NC-SC Metro Area","16740","55605","27498.640411578315","2.0220999717712402"
"162","45fdf181d700c54c054a3251","venue","REI","283","59b221e8173f563bda9ae9bf","REI","39.764591217041016","-84.05022430419922","Sporting Goods Shop","Recreational & Sporting Goods","Apparel","2500 N Fairfield Rd D2","Beavercreek","Ohio","OH","United States","US","45431","Dayton, OH","542","Dayton-Kettering, OH Metro Area","19430","53330","22863.880144091705","2.3324999809265137"
"163","45348f087ddaafda324ac587","venue","REI","82","59b221e8173f563bda9ae9bf","REI","42.17740249633789","-70.91109466552734","Sporting Goods Shop","Recreational & Sporting Goods","Apparel","98 Old Derby St","Hingham","Massachusetts","MA","United States","US","02043","Boston, MA (Manchester, NH)","506","Boston-Cambridge-Newton, MA-NH Metro Area","14460","51257","9876.678565069064","5.189700126647949"
"164","4d864a27da3a350ae8dc1de8","venue","REI","170","59b221e8173f563bda9ae9bf","REI","36.06248474121094","-95.99504089355469","Sporting Goods Shop","Recreational & Sporting Goods","Apparel","6936 S Elwood Ave","Tulsa","Oklahoma","OK","United States","US","74132","Tulsa, OK","671","Tulsa, OK Metro Area","46140","50113","22397.871980713393","2.2374000549316406"
"165","6b4941954bc0b112d9b249c2","venue","REI","299","59b221e8173f563bda9ae9bf","REI","40.40951919555664","-105.01026916503906","Sporting Goods Shop","Recreational & Sporting Goods","Apparel","1605 Fall River Dr","Loveland","Colorado","CO","United States","US","80538","Denver, CO","751","Fort Collins, CO Metro Area","22660","48944","24281.38985309409","2.015700101852417"
"166","98db7ca521ee5a8087f30926","venue","REI","237","59b221e8173f563bda9ae9bf","REI","42.42957305908203","-76.51032257080078","Sporting Goods Shop","Recreational & Sporting Goods","Apparel","742 S Meadow St","Ithaca","New York","NY","United States","US","14850","Syracuse, NY","555","Ithaca, NY Metro Area","27060","47837","13003.77861389152","3.6786999702453613"
"167","4581df8e425226001e6f26c2","venue","REI","101","59b221e8173f563bda9ae9bf","REI","40.428627014160156","-79.96589660644531","Sporting Goods Shop","Recreational & Sporting Goods","Apparel","412 S 27th St","Pittsburgh","Pennsylvania","PA","United States","US","15203","Pittsburgh, PA","508","Pittsburgh, PA Metro Area","38300","45648","12740.873374896655","3.5827999114990234"
"168","903efeb9c95c8db2e6be5a30","venue","REI","207","59b221e8173f563bda9ae9bf","REI","44.276939392089844","-88.46513366699219","Sporting Goods Shop","Recreational & Sporting Goods","Apparel","3850 W Wisconsin Ave","Appleton","Wisconsin","WI","United States","US","54914","Green Bay-Appleton, WI","658","Appleton, WI Metro Area","11540","45223","21141.133382879874","2.1391000747680664"
"169","edfe818253f3d5e213b73059","venue","REI","235","59b221e8173f563bda9ae9bf","REI","39.518802642822266","-107.3176498413086","Sporting Goods Shop","Recreational & Sporting Goods","Apparel","3216 S Glen Ave Suite A","Glenwood Springs","Colorado","CO","United States","US","81601","Denver, CO","751","Rifle, CO","40090","45005","21160.898403510317","2.126800060272217"
"170","1dd089c06c9641fad752bba2","venue","REI","209","59b221e8173f563bda9ae9bf","REI","37.733192443847656","-97.20709991455078","Sporting Goods Shop","Recreational & Sporting Goods","Apparel","2774 N Greenwich Rd","Wichita","Kansas","KS","United States","US","67226","Wichita-Hutchinson, KS Plus","678","Wichita, KS Metro Area","48620","44232","20177.911149192536","2.1921000480651855"
"171","884b63851daa0630ab7c3847","venue","REI","198","59b221e8173f563bda9ae9bf","REI","45.75567626953125","-108.61872100830078","Sporting Goods Shop","Recreational & Sporting Goods","Apparel","711 Henry Chapple St","Billings","Montana","MT","United States","US","59106","Billings, MT","756","Billings, MT Metro Area","13740","43664","24105.111324322766","1.811400055885315"
"172","64b7cf105421264a387a8ce6","venue","REI","228","59b221e8173f563bda9ae9bf","REI","41.60818862915039","-87.8506851196289","Sporting Goods Shop","Recreational & Sporting Goods","Apparel","15515 S 95th Ave","Orland Park","Illinois","IL","United States","US","60462","Chicago, IL","602","Chicago-Naperville-Elgin, IL-IN-WI Metro Area","16980","38112","21110.00316055822","1.805400013923645"
"173","79ac05361986cb406833b4ff","venue","REI","275","59b221e8173f563bda9ae9bf","REI","40.815799713134766","-73.40996551513672","Sporting Goods Shop","Recreational & Sporting Goods","Apparel","350 Walt Whitman Rd","Huntington Station","New York","NY","United States","US","11746","New York, NY","501","New York-Newark-Jersey City, NY-NJ-PA Metro Area","35620","36886","24548.11733951768","1.5025999546051025"
"174","d36120b71b32bf84e69fda9a","venue","REI","","59b221e8173f563bda9ae9bf","REI","40.6888313293457","-74.21404266357422","Sporting Goods Shop","Recreational & Sporting Goods","Apparel","1452 Lower Rd","Elizabeth","New Jersey","NJ","United States","US","07208-2715","New York, NY","501","New York-Newark-Jersey City, NY-NJ-PA Metro Area","35620","11364","24544.27648316117","0.46299999952316284"
